Metric,Value
RMSE,6.014237503849602
MAE,3.917570491974239
R2,0.9430494736148763
%\ Error,18.79001522010528
