Metric,Value
RMSE,6.014237503849601
MAE,3.9175704919742387
R2,0.9430494736148763
%\ Error,18.790015220105275
