rank,smiles,cn,cn_error,bp,ysi,density,lhv,dynamic_viscosity
1,CCCOCCOCCC,90.72851713767952,0.7285171376795176,176.17548632971668,32.991706134840186,904.3280772946438,31.059871524459137,0.07356819966334185
2,CCCCOCCOCCCC,89.01319489988663,0.9868051001133722,200.41606424989496,46.90717775827063,901.5937825404897,32.44125017081902,0.26876339473367405
3,CCCCOCCOCCC,88.26034889198793,1.739651108012069,189.24322272354829,41.10213058203379,901.2365548153358,31.891150003211425,0.15994993267681912
4,CCCOCCOCOCCOCCC,87.75175708746305,2.248242912536952,237.6550972192514,49.155099991124914,966.0128881552571,30.194522568385512,0.541163088538786
5,CCCOCCOCCOCCC,92.75489332622826,2.754893326228256,221.06891738212573,43.25370905961093,946.3620901157509,30.629129072695925,0.3908024336307712
6,CCCCCOCCOCCC,85.62473369137979,4.375266308620212,201.3426679333412,48.63451423261735,901.0565980724971,33.27367891166452,0.2665354512611703
7,CCCCOCOCCOCCC,85.3773794627087,4.622620537291297,221.77801049082422,46.474266554630645,934.6587023202999,31.56258063755932,0.38521883709125593
8,CCCCOCCCOCCC,94.6960735678005,4.696073567800497,200.00329285504952,47.2419287220234,897.4585465414767,33.018462796784114,0.2596169400562657
