rank,smiles,cn,cn_error,bp,ysi
1,C=CC(=O)O,76.97924556734691,0.02075443265309218,141.34675729140386,31.83980578586473
2,C/C=C/C(=O)O,77.28241322554797,0.28241322554796966,148.6433606054343,29.79225870359998
3,O=C(O)C1CC1,76.67873895294781,0.3212610470521895,172.04272437584095,29.003870395660634
4,CCOCOCOCOCC,76.65483452835498,0.3451654716450179,199.96448148611165,22.26989136924536
5,COCOCCOCOC,76.46914139830963,0.5308586016903689,186.3432338478319,18.151577061934812
6,COCCOCOC,73.0926817357246,3.9073182642754034,137.63679102334595,15.953914501736122
7,COCOCOCOC,80.9403414410534,3.9403414410534054,159.25064001920953,15.582648042824948
