rank,smiles,cn,cn_error,bp,ysi
1,CC(=O)O,78.99674520922146,0.0032547907785414054,118.0617032415609,18.176818245755264
2,COCOCOCOC,80.94034144105339,1.9403414410533912,153.1928699972152,15.582648042824953
