rank,smiles,cn,cn_error,cn_score,ysi
1,CCCCCCCC(C)=O,44.98459639213481,0.015403607865188462,44.98459639213481,44.38093119910938
2,CCCCOCCO,43.371628683631876,1.6283713163681242,43.371628683631876,27.7375936685955
3,CCOCCC=O,47.29145499634915,2.2914549963491524,47.29145499634915,18.673842335636856
4,COCOCCC=O,48.77441994853737,3.7744199485373713,48.77441994853737,18.04436881815709
5,COC(C)OC,40.98117623240364,4.018823767596359,40.98117623240364,14.765467959097382
