rank,smiles,cn,cn_error,bp,ysi,density,lhv,dynamic_viscosity
1,CCCC(OCC)OCC,66.2674575908541,0.26745759085409304,166.215432429208,37.95715635085482,904.3658732114202,31.149472237701016,0.054268216088464015
