rank,smiles,cn,cn_error,cn_score,bp,ysi,density,lhv,dynamic_viscosity
1,CCCCOCCOCCCC,89.01319489988663,10.986805100113372,89.01319489988663,200.41606424989496,46.907177758270635,901.5937825404898,32.44125017081902,0.26876339473367405
2,CCCCOCOCCCC,74.32084544892943,25.679154551070567,74.32084544892943,188.87044849237003,41.51268542665572,896.4499067678416,32.45568568280561,0.14740160196331076
