rank,smiles,cn,cn_error,bp,ysi
1,COCOCOCOCOC,86.9064307163746,0.09356928362539918,202.5118921036112,19.09041604186835
