rank,smiles,cn,cn_error,bp,ysi
1,CC(C)CCOCCCCCC=O,77.99226711428572,0.007732885714275994,232.51663374195937,63.895891344661294
2,CCCCCOCOCOCCC,78.01119738546004,0.011197385460036458,215.38908950460768,49.086617796274
3,CCOCOCCOCOC,77.97628215114408,0.023717848855923762,188.4386471913865,21.525043723030475
