rank,smiles,cn,cn_error,cn_score,ysi
1,CCCCCC(C)C(=O)O,55.49838163060194,0.49838163060194063,55.49838163060194,45.26728606564642
2,CCCCC=O,55.79958905600907,0.7995890560090686,55.79958905600907,23.523889793928337
3,COCCOC,56.21122249501135,1.2112224950113486,56.21122249501135,13.273847358106316
4,COCOC,52.76367566991686,2.236324330083143,52.76367566991686,11.991936724166349
