rank,smiles,cn,cn_error,cn_score,ysi
1,C/C=C/C(=O)O,77.28241322554797,0.28241322554796966,77.28241322554797,29.79225870359998
2,C1CC1C(=O)O,76.67873895294781,0.3212610470521895,76.67873895294781,29.003870395660638
3,COCOCCOCC(C)OC,76.59268244637187,0.4073175536281326,76.59268244637187,27.363751479136827
4,COCOCCOCOC,76.46914139830963,0.5308586016903689,76.46914139830963,18.151577061934812
5,CCOC,81.23377548582762,4.233775485827621,81.23377548582762,13.260074160062649
