rank,smiles,cn,cn_error,cn_score,ysi
1,CCOCOCOC,65.99361954875285,0.0063804512471534736,65.99361954875285,16.46459694460378
2,CCOCOC,64.36165302530236,1.6383469746976402,64.36165302530236,15.122379952295718
3,COCOCOC,68.01675359560369,2.0167535956036886,68.01675359560369,13.864860190568223
