rank,smiles,cn,cn_error,cn_score,ysi
1,CC(=O)OCCOCCOC(C)C,55.22634497803098,0.22634497803097986,55.22634497803098,38.261041665855764
2,CCCCOCOCCC=O,53.98178200441036,1.0182179955896373,53.98178200441036,34.45033786427164
3,CCCCCC(=O)O,56.067256050415736,1.067256050415736,56.067256050415736,29.74789391110014
4,COCCOC,56.21122249501134,1.2112224950113415,56.21122249501134,13.273847358106316
