rank,smiles,cn,cn_error,cn_score,ysi
1,CCC(C)(C)C(=O)O,65.61977519463346,0.019775194633467663,65.61977519463346,33.76083715414842
2,CCC(CC)C(=O)O,65.69551886447474,0.0955188644747409,65.69551886447474,29.379017073148283
3,CCOCOCC,65.31138759029376,0.28861240970623214,65.31138759029376,17.91150085546669
4,CCOCOCOC,65.99361954875285,0.3936195487528522,65.99361954875285,16.464596944603784
5,CCOCOC,64.36165302530236,1.2383469746976346,64.36165302530236,15.122379952295715
6,COCOCOC,68.01675359560369,2.4167535956036943,68.01675359560369,13.864860190568221
