rank,smiles,cn,cn_error,bp,ysi
1,COCOCOCCCO,63.97090651791381,0.029093482086189226,228.26416118590572,21.503622635908556
2,CCOCOC,64.36165302530236,0.36165302530235977,66.82779170681124,15.122379952295713
3,COCOCOC,68.01675359560366,4.01675359560366,101.97267985243752,13.864860190568221
