rank,smiles,cn,cn_error,bp,ysi,density,lhv,dynamic_viscosity
1,CCCOCCOCCC,90.72851713767952,0.7285171376795176,176.17548632971668,32.991706134840186,904.3280772946438,31.059871524459137,0.07356819966334185
