rank,smiles,cn,cn_error,bp,ysi,density,lhv,dynamic_viscosity
1,CCCCOCCOCCCC,89.01319489988661,0.013194899886613598,200.41606424989493,46.90717775827063,901.5937825404898,32.44125017081902,0.26876339473367405
2,CCCCOCCOCCC,88.26034889198793,0.7396511080120689,189.2432227235483,41.10213058203379,901.2365548153358,31.891150003211425,0.1599499326768191
3,CCCOCCOCCC,90.72851713767955,1.728517137679546,176.17548632971665,32.991706134840186,904.3280772946438,31.05987152445913,0.0735681996633418
