rank,smiles,cn,cn_error,ysi,bp,density,lhv,dynamic_viscosity,tanimoto
1,CCCC(OCC)OCC,66.267,0.267,37.95715635085482,166.215432429208,904.3658732114202,31.149472237701016,1.1330999387948042,1.0
2,CCC(CC)C(=O)O,65.696,0.304,29.37901707314828,195.22349887365425,905.4136678078911,27.92336577882286,3.3141304504863576,0.3333333333333333
3,CCCCCC(OCC)OCC,65.693,0.307,55.9462910296038,200.36623343643816,902.7147185924508,33.371389774380525,2.016190694592684,0.65
4,CCC(C)(C)C(=O)O,65.62,0.38,33.76083715414842,190.40054112965865,913.2994134949656,27.64802775706441,3.3527398323624795,0.3888888888888889
5,CCOCOCC,65.311,0.689,17.911500855466695,96.48283658936751,905.1965447841287,28.624655001249607,0.5183825862175585,1.0
6,CCCCCCCCC=CCCCCCCCC(=O)OCC,66.8,0.8,140.2285658894942,341.6232731746033,870.1210121676827,36.63650750659065,3.73139893189235,1.0
7,CCOCC1CCCO1,65.16,0.84,37.88252608644928,157.29201324013252,930.7994031847572,29.87480986822197,1.1854765283761275,1.0
8,COCCOCCOCCO,66.894,0.894,21.98298219101704,224.01585166358797,1030.9109058691229,23.297585107883343,6.731028315719204,1.0
9,CCCCCCCCCC(=O)OCCCCCC,67.1,1.1,104.94586943111202,225.08086829058868,857.7924957429326,35.35675027538684,4.413183959563132,1.0
10,CCCC(=O)O,64.74,1.26,20.098420219038584,161.73771079489973,931.3829106176153,23.129526609923982,1.5903330839038434,0.5789473684210527
11,CCCCCCCCCCOC(=O)CCCC,64.689,1.311,104.88865127456775,230.8813189404944,857.5881312216801,34.9563810362112,3.859622513139008,1.0
12,CCCCCCCCCCCC(=O)OCC,67.49,1.49,89.81185238983048,272.931484744024,859.2408107908041,34.87564828816571,3.303444003743623,1.0
13,CCCCCCCCCCCC(=O)OC,64.496,1.504,85.12205559666053,259.85557277045723,867.3602606993899,34.815928124079505,2.98438656038359,1.0
14,CC(C)COCC(C)C,67.531,1.531,54.408613188966626,131.6726080336503,755.9920499607927,37.22053670020507,0.7756625999308789,1.0
15,CCCCCCCCC,64.195,1.805,52.10618874817591,153.10076166616764,723.0196533270317,44.22145909346812,0.7378843590996425,1.0
16,CCCCCCCCCCCC(=O)OC=C,64.096,1.904,91.01666432997041,257.5663004413724,877.7572227980068,34.85424995451812,3.3598057417102125,1.0
17,CCCCCC(OC)OC,67.956,1.956,42.89618603591395,172.77014149744033,917.9002634126006,32.26381853644694,1.3459228352897135,1.0
18,CCCCCCCCCC,67.962,1.962,58.92351088013365,178.01197922599906,734.9376957655568,44.15067244260343,0.9921095768762411,1.0
19,COCOCOC,68.017,2.017,13.864860190568223,103.46653301602244,1004.7765912482455,20.46639140206798,0.5549973282528414,1.0
20,CCCCCC=O,63.737,2.263,28.057099434881163,122.04968568649035,823.867570321838,35.34593903973327,0.5555769143576851,1.0
21,CCCCOC(=O)CCCCCCCC(=O)OCCCC,68.67,2.67,110.89488084014785,240.28062265566805,939.9985099100676,32.79491352891994,7.69998465910432,1.0
22,CCCCCCCCCCCCCCC1=CC=CC=C1,62.935,3.065,123.90812428625703,339.2061180952383,850.2451193044487,42.491707970547886,7.402298631047383,1.0
23,CCCCCCCCCCCC(=O)OCCC,69.121,3.121,100.39142256465381,253.13297373125917,857.664442478948,35.152028728643614,3.820854205668669,1.0
24,CCCCCCCCCCCCO,62.625,3.375,80.51079674448397,248.77261574774263,836.9945501334653,39.558103881766996,12.647345772819177,1.0
25,CCCCCCCCCCCC(=O)OCCCC,69.515,3.515,105.1978945196915,228.9253851953506,857.5045130515729,35.41252387093175,4.317210374146772,1.0
26,CCCCCCCCCCCCCCO,69.569,3.569,97.85015581550986,273.0122565591533,837.5144798904686,39.58505916637672,9.873823866449717,1.0
27,CCCCCCCCCCCCCC1=CC=CC=C1,62.254,3.746,120.3476314411229,332.744172777778,850.2451193044487,42.48835052025333,6.588188622808332,1.0
28,CCC(OCC)OCC,62.077,3.923,28.33661776391222,134.96591470255257,912.3343084370448,30.429886990531234,0.9476747632200375,0.5555555555555556
29,CCCCCCCC(OCC)OCC,62.063,3.937,70.94093438916539,240.20621831785456,903.6994821166227,34.620488586840416,2.88366882914037,0.6190476190476191
30,CCCCCCCC(CCC)CCCCCCC,62.043,3.957,114.10920920949818,313.5609882467534,777.3083848866311,44.064873007556514,5.131810740285576,1.0
31,CCCCCCCC,61.851,4.149,44.492955789233434,128.26949485186933,700.2133778395189,44.297145582195974,0.538291782541354,1.0
32,CCCCCCCCCCCCCCCCO,70.186,4.186,109.76299340947004,292.933205945166,837.5900228678047,39.5893161234214,8.600734510214439,1.0
33,CCCCCCCCCCCCCCCC(CCCC)C1CCCCC1,61.787,4.213,137.9091192609074,360.8672153174605,837.9110317487977,43.471732276755425,28.39194473220336,1.0
34,CCCCCCCC\C=C/CCCCCCCCCC(=O)OC,70.387,4.387,142.81771300575363,353.52477579365086,873.7257779150486,36.745116993192674,5.386046499471221,1.0
35,CCCCCCCCC=CCCCCCCCC(=O)OCCC,70.427,4.427,144.66844341165898,301.0527346825398,868.2690255589242,36.63841777334322,5.016405392457502,1.0
36,CCCCCCCCCC(C)CCC(C)CCCCCCCCC,61.528,4.472,141.09939243256343,361.7953566666668,779.5160809080775,44.06189827488913,13.118573201477126,1.0
37,CCCCCCCCCCC=C,61.482,4.518,87.4744493735607,202.96311057529124,753.6405080398532,44.07444620787523,1.4720636692874465,1.0
38,CCOC(C)OCC,61.282,4.718,24.170664379867105,112.40054590822513,912.1057338031653,29.588048633306563,0.6541763432197706,1.0
39,CCCCCCCCC=CCCCCCCCC(=O)OCC(COC(=O)CCCCCCCC=CCCCCCCCC)OC(=O)CCCCCCCC=CCCCCCCCC,61.163,4.837,144.22557748557614,366.95221984127,957.5794693609648,36.328032428149186,44.02455942081486,1.0
40,CCCCCCCCCCOC(=O)C,60.992,5.008,89.97817403235139,237.48141971990498,864.7879913476087,34.163846034691524,2.491816918864589,1.0
41,CCCCCCCCCCCCCCCCCC(=O)O,60.834,5.166,126.15245254475747,334.0254197619051,909.1612406935392,36.76323458204884,6.908145852052684,1.0
42,CCCCCCCCCCCCOC(=O)CCCC,71.183,5.183,114.17450677005532,224.52883374513434,857.7004495767144,35.70827662408367,4.911796929402493,1.0
43,CCCCCCCCC=CCCCCCCCC(=O)OCC(C)C,71.547,5.547,144.32705931191464,344.68947277777784,868.9640141729741,36.70944433906487,7.544303177831714,1.0
44,CCCCCCCCCC(C)C=CC(C)CCCCCCCCC,60.387,5.613,141.5211154726495,363.52865166666675,778.3448732797989,44.060131820502825,12.061773158310247,1.0
45,CCCCCCCCCCCCCC(=O)OCCC,71.698,5.698,113.5129203849329,270.5141145436509,857.7908407680881,35.931806191257614,4.825316486287328,1.0
46,CCCCCCCCC(C)CCCCCCCC,71.939,5.939,114.25185371313013,313.448342929293,777.7123775289939,44.064873007556514,5.091384807864876,1.0
47,CCCCCCOC(CCC)CCC,60.052,5.948,84.50523323388404,234.6523470564737,766.2949205893971,38.753160988682076,2.4384208333217816,0.4583333333333333
48,CCOC(C=C)OCC,60.004,5.996,29.89104107968528,134.25813584753394,919.2529515802089,29.63721866410236,0.962056794917515,0.4
49,CCCCCCCCCCCCC1CCCC(C)C1,59.957,6.043,122.92175288740921,336.61394198412705,826.5245201036469,43.57567628789099,9.090648178156757,1.0
50,CCCOCOCCC,72.056,6.056,31.951313892784988,150.77021482129396,899.4605509083812,30.639908603547507,0.9396934121921483,0.625
51,CCCCCCC,59.879,6.121,38.76429483065918,107.52799645593979,683.9050590013924,44.37457640309621,0.4194649355066585,1.0
52,CCCCCCCCCCCCCC(=O)OCC,72.498,6.498,105.47210372402293,292.133696031746,859.2535267782581,35.707931497198096,4.2194205194279695,1.0
53,CCCCCCC(CCCC)CCCCCC,59.464,6.536,110.97348998593075,298.2681495165946,776.0237334247507,44.06946149416135,4.43892419968142,1.0
54,CCCCCCCCCCC,72.594,6.594,67.45312107662826,199.5392220031171,747.439609905119,44.100167987106374,1.2261048217187767,1.0
55,CCCCCCCCCC(=O)OCCCC,59.314,6.686,87.48301792507397,238.88293568716287,857.500550032168,34.54179895736878,3.454745490939746,1.0
56,CCCCCCCCC(C)=CCCCCCCC,59.098,6.902,117.23898533960057,314.3011765873015,776.3666942520147,44.0494736615362,4.408574945628673,1.0
57,CCCCCCCCCCCCCCCCCCO,73.099,7.099,124.16831276536547,323.307564834055,838.4514103871875,39.5893161234214,8.15426325408759,1.0
58,CCCCCCCCC(C)C(C)CCCCCCCC,58.811,7.189,123.80606738211416,344.19957611111136,778.0644575841154,44.064873007556514,7.754915752522162,1.0
59,CCCCCC/C=C\CCCCCCCCCC(=O)OC,58.456,7.544,132.41367914187742,341.916315079365,874.3981872393589,36.678394636193,4.253601262911737,1.0
60,CCCCCCCCCCCC=CCCCCC(=O)OC,58.353,7.647,132.24905178917368,341.1319670634919,874.7517526388446,36.63427958219202,4.204077193864174,1.0
61,CCOCCOCCO,58.258,7.742,21.302384180369724,192.64347557768784,987.491302581132,26.364506133340175,5.5174944853809,0.6875
62,CCCCCCCC\C=C/CCCCCCCC(=O)OC(C)CC,74.072,8.072,143.74608572336567,354.0168763492065,872.5930774252729,36.67530306815995,8.676571809600292,1.0
63,CCCCCCCCC=CCCCCCCCC(=O)OC,57.808,8.192,132.30441134055917,341.916315079365,874.5044444611403,36.678394636193,4.162386354963735,1.0
64,CCCCCCCCCCCCC1=CC=CC=C1,57.779,8.221,115.48559114558884,319.48515055555555,850.0478114156316,42.45444650539362,5.729532272849657,1.0
65,CCCCCCCCCCCCC(C)C1CCCCC1,57.744,8.256,124.89853740449291,345.04294873015886,833.7901909371076,43.51994153166683,12.922144945788782,1.0
66,CCOCOCOCC,74.284,8.284,19.102048452134095,153.39510320844522,960.1298319050126,27.64007734472857,1.138761934151519,0.9090909090909091
67,CCCCOCOCCCC,74.321,8.321,41.512685426655736,188.87044849237003,896.4499067678416,32.45568568280561,1.404111518196451,1.0
68,CCCCCCCCC(CCC)C(CCC)CCCCCCCC,57.649,8.351,137.9016253550694,359.27557309523837,779.7858672053487,44.062727926851096,16.581743063218692,1.0
69,CCCCCCCCCCCCCC(=O)OCCCC,74.37,8.37,119.82298782366036,255.64696361111137,857.7084726217332,36.149572267595374,5.183564620877563,1.0
70,CCCCCCCCCCCCCC(=O)OC,74.64,8.64,102.68871082168232,286.09974521520115,867.2298905765742,35.50912604484317,3.9461031458802953,1.0
71,CCCCCCCCCC=C,57.232,8.768,80.68407469344343,191.4753511987348,745.1570574223931,44.09408441373054,1.1442797374453408,1.0
72,CCCCCCCCC(CCCCCC)CCCCCC,74.892,8.892,138.43041500618097,353.9292979365081,779.3771289508545,44.06189827488913,7.980183772122918,1.0
73,CCCCCCCCCCCC(=O)OCCCCCC,74.929,8.929,120.01371996772815,226.85954472222264,857.929829991037,36.078419835607974,5.422143437328199,1.0
74,CCCCCCCCC=CCCCCCCCCO,57.037,8.963,126.3729905832232,317.1907348268401,844.0007172404739,39.43441569274311,7.172390806339204,1.0
75,CCCCCCCC(CCCCCC)CCCCCCC,75.036,9.036,138.43041500618097,353.9292979365081,779.3771289508545,44.06189827488913,7.980183772122918,1.0
76,CCCCCCCCC=CCCCCCCCC(=O)OC(C)C,75.135,9.135,143.98274387708818,347.79776928571425,872.594456855439,36.66722271077163,6.52970577943693,1.0
77,CCCCCCCCCCCCC=C,75.307,9.307,98.44625292571298,250.48687008375694,768.907453167708,44.06829823295951,2.112751557992146,1.0
78,CCCCCCCCCCC1CCO1,56.55,9.45,102.16723944353646,250.86758003559234,870.7434446924362,36.74235295823565,3.23929468358229,0.6538461538461539
79,CCCCCCC(CCCC)C(CCCCC)CCCCC,56.438,9.562,134.7814175540874,351.4810023809528,778.1563480076939,44.06434999906474,12.016163209441435,0.8235294117647058
80,CCCCCCCCCCCCOC(=O)C,75.615,9.615,93.84333230996097,235.88238149035902,864.372653729319,34.94025969320082,3.478101453316466,1.0
81,CCCCCCC=CCCCCCCCC(=O)OC,56.349,9.651,119.17506673581924,298.2459648286436,875.672713933778,36.238786559937076,4.031333215789745,1.0
82,CCCCCCCCCCCO,56.313,9.687,72.57187411073254,237.34231900417458,836.9564219045816,39.27035751380349,12.56356432652764,1.0
83,CCCCCCCCCCCCCCCCC1CC(C)C(C)CC1C,56.294,9.706,132.00549286932818,360.3857638095239,834.6930769740841,43.580823998682604,27.812713987433025,1.0
84,CCCCCCCCC=CCCCCCCCC(=O)OCCCC,75.766,9.766,145.10091911551967,273.34958547619084,868.4314879223402,36.64975674675183,6.517084213948327,1.0
85,COCCOC,56.211,9.789,13.273847358106318,75.57745020476031,962.994694155765,25.060139370643096,0.3916488439713658,1.0
86,CCCCCCCC=C(CCCCCC)CCCCCC,56.178,9.822,135.70412871460294,346.8101622222221,777.8499879443582,44.03975826567992,7.698417800884763,1.0
87,CCCCCCCCCCCC,75.833,9.833,75.21411150712649,217.06495658172554,756.8571409264351,44.077602658734655,1.5504294471204378,1.0
88,CCCCCCCCCCCCCCOC(=O)CCCC,76.11,10.11,129.21737908837156,229.64580777777817,858.0807858922797,36.378441867742666,5.618972891815209,1.0
89,CCCCCCCCCC(=O)OCCC,55.853,10.147,80.27265703967242,246.58731697189288,857.9362515314812,34.20504508701521,2.8927402752435674,1.0
90,CCCCC=O,55.8,10.2,23.523889793928337,94.8818847271952,824.4930518388725,33.7259627206565,0.4844625775988505,1.0
91,CCCCCCCCCCC(=O)OC,55.568,10.432,79.5784771718331,245.55056435358182,867.679707412321,34.24611241394615,2.6052838881633407,1.0
92,COCOCCOCOC,76.469,10.469,18.151577061934812,186.3432338478319,1029.0240487579294,21.60861361561937,1.524045232337041,1.0
93,CC(C)C(=O)O,76.576,10.576,23.150311469428928,159.51298813148668,933.055199257306,23.170581271736694,1.6170804676120056,0.5384615384615384
94,CCOCOCOCOCC,76.655,10.655,22.26989136924536,199.9644814861116,986.0442172855097,27.158806809341566,1.7648947557085874,0.9090909090909091
95,CCCCCCC(C)C,55.329,10.671,60.47545261767025,146.18632830468732,715.742777054728,44.20238421820494,0.7248443029900988,1.0
96,C=CC(=O)O,76.979,10.979,31.83980578586473,141.3467572914039,974.3212097909441,18.83767796807192,1.305645493077455,0.3333333333333333
97,CCCCCCCCOC(C)C(=O)OCC,54.982,11.018,80.47410104344931,245.31593145999477,947.3647575679474,32.491270462812956,4.7636183922137265,0.4838709677419355
98,CC(C)CCOCCCC(=O)OCCC(C)C,54.923,11.077,81.55541054038873,224.64368304340346,958.7367690347008,29.440633291125387,5.282971090134424,0.5
99,CC=CC(=O)O,77.282,11.282,29.79225870359998,148.64336060543428,974.0855937694073,21.257875890571587,1.417912202495232,0.3333333333333333
100,CCCCCCC(CC)C(CC)CCCCCC,54.598,11.402,115.17432688727479,314.20215501803773,775.8530161188637,44.067324731732114,6.274970510762362,1.0
101,CCCCCCC(C)CCC(C)C,54.446,11.554,85.78301491350547,221.7393404251466,758.2052241332544,44.076739489793674,1.9425436439384094,1.0
102,CCCCCCCCCCCCCCC=C,77.681,11.681,106.51588367041785,283.90991124819607,777.2421072480074,44.06234314818607,3.1928142456818662,1.0
103,CCCCCCC(C)(C)C,54.284,11.716,68.99260465326874,160.8181229103562,723.5743346153245,44.145997656677984,0.9729761215695537,1.0
104,CCCCCCCCCCCCCC(C)(C)C1CCCCC1,54.189,11.811,128.60563687707517,354.6947101587304,836.4513883905596,43.522520131378684,20.276259831253377,1.0
105,C(COCCO)O,54.11,11.89,16.123611650173114,156.73245892380473,1100.975375042461,21.388225438682316,12.982348735946799,0.625
106,CCCCCCOC,78.078,12.078,34.46199548149579,127.58489889990003,755.7106888465497,36.631027847560304,0.55752132729845,1.0
107,CCCOCOCOCCC,78.167,12.167,33.26271211041044,192.98032473725297,945.0784758857372,29.812638059569434,1.479361258589068,0.5882352941176471
108,CCCCCCCCCCCC1=CC=CC=C1,53.638,12.362,110.45017949823604,302.3805869841272,850.9406469950013,42.39212145480676,4.720214754179494,1.0
109,CC(CO)OCC(C)OCC(C)OC,53.624,12.376,52.06085315661827,222.74138701772804,981.4744412388349,27.938681883592906,7.731292936936293,0.48148148148148145
110,CCOC(=O)CCCCCCCCC(=O)OCC,53.404,12.596,74.40858674848694,291.6205854761905,972.0552549927911,29.133724348940426,6.589638400346606,1.0
111,CCCCCCCCC=CCCCCCCCCCCCC(=O)OC,78.685,12.685,143.9428206960953,374.2999292857145,873.7792968803902,36.75490743671664,7.35541971349677,1.0
112,CCCCCCCCCCCCCC(=O)OCCCCCC,78.695,12.695,138.19988283107023,230.81775119047663,857.9171162261725,36.591182699889615,6.11262158974881,1.0
113,CCCCCCCCCCCCCC(=O)OCCCCCCCC,79.146,13.146,145.68437906994208,246.27555785714333,857.9171162261725,36.69079058955579,8.270730814259473,1.0
114,CCCCCCCC(CCCC)CCCC,52.809,13.191,107.01605884913907,283.2174502489177,773.7175253654706,44.071002586944864,3.760821902835483,1.0
115,COCOC,52.764,13.236,11.991936724166347,46.43062510281697,983.8144767252821,22.82383973435199,0.330050445171041,1.0
116,CCCCCCCCCC1(C)CCO1,52.76,13.24,103.76096918008167,250.26316843724734,874.0357790343426,36.74088399889449,3.5088904797947738,0.36363636363636365
117,CCCCCCCCCCCCCCCCOC(=O)CCCC,79.425,13.425,144.1038929329365,240.93722150793698,858.0612806487194,36.636819359806154,6.94023070847726,1.0
118,CCCCCCC=CCCCCCCCCO,52.447,13.553,113.02371239506138,276.6741593290042,843.934676936958,39.347383162449376,7.572848654449842,1.0
119,COCCOCCO,52.42,13.58,16.274459178818905,177.62453736637462,1014.3826415625285,22.259549211078404,4.872704944375182,1.0
120,CCCCCCC(C(C)C)C1CCCCC1,52.348,13.652,119.10410423106666,277.8035168975468,834.7495924436789,43.511477913459075,7.05423756050064,1.0
121,CCCCOCOCOCCCC,79.686,13.686,47.126812491269625,222.05192861760727,931.8364510904908,32.1483269764973,2.3773636537387035,0.9333333333333333
122,CCCCCCCCCCCC(=O)OCCCCCCCC,79.696,13.696,138.4480535382938,230.318122619048,857.9171162261725,36.560698477503756,6.185500782715009,1.0
123,CCCCCCCCCC(=O)OCC,52.265,13.735,74.61896402348435,251.22643981921215,860.5573114200165,33.833111818912606,2.561034200681983,1.0
124,CCCCCCCCCCOC(=O)CCCCCCCCC,79.839,13.839,138.54423150439547,230.1522654761909,857.8848488029605,36.560698477503756,6.140042636013868,1.0
125,CCCCCCC1CCO1,52.016,13.984,63.90665262264949,186.4982288729736,870.6659966100167,35.16616873593002,1.299900352428419,0.6538461538461539
126,CCCOCOCOCOCCC,80.069,14.069,37.65451010518622,223.367588939923,965.006082244386,29.692019628584326,2.494368077096897,0.5882352941176471
127,CCCCCCCCC1CCO1,51.771,14.229,80.11172594472293,223.4944019933772,871.0142741590801,36.32039298410088,2.1349787026760656,0.6538461538461539
128,C=COCC1CCC(CC1)COC=C,51.697,14.303,94.84125006769284,237.20460936494288,979.2437592237211,30.568387791093063,5.325131726423651,1.0
129,CCCCCCCCC(CCCCCCC)CCCCCCCC,80.386,14.386,141.62240758961218,362.3002271428573,780.0337547133312,44.06189827488913,13.846485606780709,1.0
130,CCCCCCCCCC(=O)OC(C)C,51.606,14.394,77.50920663752125,252.61607105219443,863.0977476366045,33.81787159515313,3.4522388897001774,1.0
131,CCCCCCCCCCCC(=O)OCCCCCCCCCC,80.434,14.434,144.79336603086483,245.84771785714332,857.9171162261725,36.67924700020871,8.153404769748755,1.0
132,CCCCCCCCCCCCCC(=O)OCCCCCCCCCC,80.484,14.484,145.7132025525894,247.87462928571472,857.9171162261725,36.69079058955579,9.549068475899023,1.0
133,CCCCCCC(C)C(C)CCCCCC,51.313,14.687,108.53261835273744,280.2397200252526,772.17735469442,44.06946149416135,3.99859939397901,1.0
134,CCCCCCCCOC(=O)CCCC,51.276,14.724,86.37652071946462,236.49164500485398,857.6493500668756,33.80094891470298,2.88676322605044,1.0
135,CCCCOCOCOCOCCCC,80.809,14.809,56.45951705561878,238.4760279131199,948.5187780247975,32.05276007392407,3.4698758455691547,0.9333333333333333
136,COCOCOCOC,80.94,14.94,15.582648042824953,159.25064001920956,1046.7247642286327,19.001257767697588,1.2661294796792635,1.0
137,CC(COC(C)COC(C)COC)O,50.99,15.01,52.25740376771039,223.33758111281423,989.9232887133944,28.05413477791909,7.9464859474161855,1.0
138,CCCCCCCCCCCCCCOC(=O)C,81.083,15.083,107.63875635129135,221.77049191738823,864.3607332634713,35.77070993401657,4.467488729922734,1.0
139,CCCCCCCCCCCCOC(=O)CCCCCCCCCCC,81.145,15.145,145.7132025525894,247.75597928571472,857.9171162261725,36.68832242288912,9.51173163715825,1.0
140,CCCCNCCCC,50.744,15.256,46.22255767266392,151.79731425215448,761.5777987501368,39.50179592688526,1.4792352323557252,0.46153846153846156
141,CCCCCCCCCCCCCCCC(=O)OCCC,81.353,15.353,129.11791162189078,294.0195744444447,857.7479432851042,36.60871393647119,5.464154199176283,1.0
142,CCCCCCCC(=O)CC,50.609,15.391,52.12866395627246,209.07535435762287,822.3124288554408,37.739004216481,1.3914545403494698,0.9444444444444444
143,CCC(C)CCCC(C)CCCC(C)C,50.582,15.418,114.0477431843557,234.9023091435062,766.3092324022263,44.07440240568194,3.5575056361470447,1.0
144,CCCCCCCCC=CCCCCCCCC(=O)OCC(CC)CCCC,81.53,15.53,145.5111267429746,361.94828150793677,868.4111356300365,36.780936038111676,15.450529109481796,1.0
145,CCCCCCCCC=C,50.458,15.542,76.0118816549638,172.165820566092,739.1690819921163,44.13916802483832,0.8900686639922283,1.0
146,CCCCCCCCCCCCCCCC(=O)OCCCC,81.606,15.606,137.98774574538288,263.68698650793687,857.7084726217332,36.68707190965479,5.99067994246151,1.0
147,CCCCCCCCC(=O)C,50.318,15.682,53.14621732141395,210.94862431743036,827.3208740337818,37.915660314640874,1.3805018421148143,1.0
148,CCCCCCCCCCCCCCCC(=O)OCCCCCC,81.775,15.775,145.94309285659796,247.06303960317504,857.9171162261725,36.69553768233929,8.280229804775301,1.0
149,CCCC(C)CCCC(C)CCCC(C)C,50.185,15.815,115.04221161793788,247.8833098219128,769.0013756612611,44.071654173215364,4.247797211689649,1.0
150,CCCCCCCCCCC1=CC=CC=C1,50.141,15.859,106.49028300245494,288.67630443533074,851.3867226182355,42.3395450113051,3.9132573018426964,1.0
151,CCCCCCCCCCO,50.103,15.897,65.9002492502492,227.13096884783107,835.2986568877674,38.82133486100685,11.854423373658065,1.0
152,CCCCCC(CCCCC)OCC,50.087,15.913,85.19167354146485,228.14496319180444,762.6959151931206,38.67587868566293,2.5388951456579574,0.4583333333333333
153,CCCCCCCCCCCCCC(=O)OCCCCCCCCCCCC,81.957,15.957,145.73785941699614,247.9888181746036,857.9171162261725,36.69079058955579,10.537516285957052,1.0
154,CCCCCCCCCC(=O)OC,50.026,15.974,70.01894150085647,230.98720169949314,868.2653062712945,33.79083711516119,2.1425721084370335,1.0
155,CCCCCCC1(CC)CCO1,49.979,16.021,88.93431527674748,224.66628385928897,871.2008390565784,36.21664519145981,2.292214959239579,0.34782608695652173
156,CCCCCCCC1OC(C)C(C)O1,49.894,16.106,89.83453289350528,249.11611070916504,932.9964813312507,34.01834182245037,3.7270606937477035,0.4
157,CC(COC)OC,49.826,16.174,18.711210918330714,98.245271843062,933.7717167177651,27.56732678247122,0.5566345236666532,0.5
158,CCCCCCCC(CCC)=CCCCCCC,49.797,16.203,116.47134065780989,312.6925821428572,775.109088731327,44.03975826567992,5.234587781995064,1.0
159,CCCCCCC=O,82.303,16.303,33.02738550464958,147.2333170072123,823.9235414061089,36.177096545197216,0.6508229966499565,1.0
160,CCCCCCCC(CC)CC,49.67,16.33,79.78591624390677,215.01884864755672,754.3119284021049,44.09155326358222,1.7144653109970764,1.0
161,CCCCCCCCC1CC(=O)O1,49.534,16.466,79.88502362435378,253.0693086411639,985.045534293851,33.23222276037064,2.890532764059505,1.0
162,CCCCCCN,49.488,16.512,36.465465458920626,113.69663115515253,753.853766526615,38.052582374631676,0.49160567161002494,0.6153846153846154
163,CCCCCCCCCCCCCCCC(=O)OCC,82.913,16.913,120.06829542289726,332.2133417460317,859.4175743612726,36.39704790902068,5.089333010947481,1.0
164,CCC(C)CCCC(C)C,48.726,17.274,72.84253205398187,158.7534665876954,725.8476929289345,44.16107022200634,0.9264730124201249,1.0
165,CCCCCCCC=O,83.343,17.343,38.28029901002957,165.16601353141408,824.6618577777666,37.143971928536196,0.7906912220646692,1.0
166,CCCCCNC=O,48.561,17.439,30.915971103658812,137.21969241550497,841.7468096867661,33.381890447190344,0.9864014112348952,0.5238095238095238
167,COC1CCCCO1,48.533,17.467,29.728188051327653,130.86510930095332,982.2277004398763,27.569985009154134,1.090123493974034,0.391304347826087
168,CCCCNCC,48.48,17.52,35.32218020256553,106.10368459440309,744.331013581621,38.52682749260237,0.8295504654604359,0.4
169,CCCCC1(CCCC)COC1,48.427,17.573,86.43403355815725,207.0038012361221,871.6752411182133,34.650095473064816,2.1362111803563226,0.35714285714285715
170,CCCCOC(CCC)CCC,48.415,17.585,65.97004974672808,201.4031882676691,759.9045865541937,37.43887554087745,1.6519188248413066,0.42857142857142855
171,CCCCCCCC1CCC(=O)O1,48.342,17.658,80.1031991618871,256.7598206370994,983.5962730270556,32.898349627972266,3.0641504532377284,1.0
172,CCCCCCCCOC(=O)CCCCCCCCC(=O)OCCCCCCCC,83.75,17.75,143.60640641935024,243.6606238095242,937.0794128237922,36.211839936941644,14.906463791002373,1.0
173,CCCCCCCCCCCCCCCCCC(=O)OCCC,83.764,17.764,144.2221310544054,309.11285484127,857.7209132931994,36.76797658104654,6.8042938272565605,1.0
174,CCCCCCCCC=O,83.771,17.771,45.73808896702466,185.22346661582975,825.495376931373,37.75649156598074,0.9876481329573862,1.0
175,CCOC(OCC)(OCC)OCC,48.165,17.835,39.701673868065704,210.04868761040458,971.1620451447201,28.688778029086283,2.972464524265056,0.5333333333333333
176,CCCCCCCCCCCCCCCCCC(=O)OCCCC,83.958,17.958,145.84687099219119,281.6286794444449,857.6129438524449,36.7479199573352,8.208211047179962,1.0
177,CCCCN(CCCC)CCCC,48.027,17.973,75.35112319372904,210.55925984950414,774.3544971695385,40.271622920306996,2.2384440769803327,0.46153846153846156
178,CCCCCCCC=C,48.011,17.989,66.1775110754921,148.21914126612296,732.2138146986293,44.19704307878724,0.674546911032383,1.0
179,CCCCCCCCCCCCCCCC(=O)OC,84.189,18.189,115.67722889791378,320.7690354365081,866.8558913233547,36.36368671797175,5.058753683893315,1.0
180,CCC1CCC(CCCC(C)C)CC1,47.724,18.276,113.89144306685496,228.64894304942274,828.877639425305,43.607581873226664,4.314506698606573,0.4
181,CCCCCCCCCC=O,84.324,18.324,55.4448390911064,191.95541214791345,827.7038797309955,38.218333553100116,1.2617463206161448,1.0
182,CCCCCC(C)C,47.532,18.468,49.75755817726721,118.01144238775882,698.8119061541314,44.28216150125474,0.48700577920251187,1.0
183,CCCCCCC(CCC)CCC,47.528,18.472,87.87127939716169,227.96497997663533,760.6051995628148,44.07724114071685,2.021686818014578,1.0
184,CCCCCC12CC3CC(CC(C3)C1)C2,47.519,18.481,121.72902290533352,244.79526970492915,842.6878800620648,43.43834638868853,18.616736008934794,1.0
185,CCCCCCCCCCCCCCCCC=C,84.483,18.483,120.08048790443783,317.4349033333334,778.1101010810675,44.06229296491001,3.99606805175498,1.0
186,CC(C)CCOCC(=O)OCCC(C)C,47.503,18.497,69.61520131221415,218.17137883512376,969.0997590387029,28.921037905784658,4.329993188325185,0.5555555555555556
187,CC(C)CCCC1CCC(C)C(C)C1,47.451,18.549,114.8890231550982,226.98975541218283,822.7276669444366,43.582747741049616,4.989017989952369,0.3448275862068966
188,CCCOC,84.641,18.641,18.82039165770471,42.693636888882374,753.0346051115904,33.47387574618162,0.2734144038398562,0.5833333333333334
189,CCCCCCCCCCCCCCCC(=O)OCCCCCCCCCC,84.688,18.688,145.761012197128,248.20971817460358,857.9171162261725,36.69553768233929,11.47729578187472,1.0
190,CCCCN(C)C,47.24,18.76,37.16143535564944,97.38023749973249,750.3838229804594,38.525951267925315,0.45551830560343115,0.42857142857142855
191,CC(C)CCCC1CCC2CCCC2C1,47.13,18.87,121.10751714147828,239.52699399613792,838.9226789854816,43.520676825136455,8.006613057423449,0.3333333333333333
192,CCCCCCCCCCCCOC=C,84.926,18.926,94.68032359527173,241.79647531385305,782.6854567685195,38.15270589867763,2.8545078125169647,1.0
193,CCCCCCC1CCCC(=O)O1,47.031,18.969,79.81473197917926,254.76666854907634,982.1331460384483,32.499381204350925,3.607987884031322,1.0
194,CCCCCCC(=O)CC,47.001,18.999,43.33639748258495,188.23060514346696,819.8978618871781,37.36534994422661,1.1000840364568194,0.9444444444444444
195,CCCCCCCCCCCCCCCCOC(=O)CCCCCCCCCCC,85.023,19.023,145.761012197128,248.4529657936512,858.1423716509037,36.69553768233929,12.900347833334543,1.0
196,CCCCCCCCCCCCC,85.058,19.058,87.86521374213561,238.3937938365772,762.9341417547157,44.0707905289571,1.8229481882654357,1.0
197,CCOC(=O)CCCCCCCC(=O)OCC,46.774,19.226,67.45875467197023,284.3181972222222,972.946485155691,28.02829883235522,6.007301451366273,1.0
198,CCCCC12CC3CC(C1)CC(C3)C2,46.773,19.227,120.58840090405272,238.66303171735694,841.7975145886733,43.443509135069874,12.320230950482486,1.0
199,CCCCCC1OC(C)C(C)O1,46.665,19.335,73.72795408419299,212.4647197620711,932.3492098075683,32.821777372704524,2.5318575601060167,0.3684210526315789
200,CCCCCCC1CCC(=O)O1,46.642,19.358,74.56751855798473,256.9649522013592,985.1405071676049,32.17321262353356,2.4399415014577843,1.0
201,CCCCCC=CCC=CCCCCCCCC(=O)OCCCC,46.615,19.385,144.83287840056133,266.28836539682584,879.6196112427041,36.425722119767705,7.180019730744591,1.0
202,CCCCCCOC(C)C(=O)OC,46.593,19.407,60.16324250689914,216.6394166517817,951.2760221206532,30.804593896416307,2.9141949981028383,0.4838709677419355
203,CCCCCCCCCC1=CC=CC=C1,46.587,19.413,100.27772227643261,276.05863207618023,851.4274119232533,42.29831877811733,3.3224908726778266,1.0
204,CCCCCCC(C)C=CC(C)CCCCCC,46.569,19.431,115.73193729307911,301.0025598412701,775.1642303383767,44.06175389271647,5.116737996485314,1.0
205,CCCCC1CCCO1,46.564,19.436,61.48360728341133,159.75310101442471,872.5472068657672,30.736831161266572,1.032527574278096,1.0
206,CCCCCCOC(=O)C1=CC=CC=C1C(=O)OCCCCCC,46.503,19.497,120.08805110310726,230.56820884920643,989.1446638880087,32.11454454082799,27.229114159401107,1.0
207,CCCCC(C)C,46.242,19.758,43.01420291953247,92.61714855042109,682.5395715129479,44.355325553396526,0.38178532092181255,1.0
208,CCCCCCC(CC=CCCCCCCCC(=O)OC)O,46.225,19.775,129.1935672891995,317.9227681746031,942.243413108022,35.76905544443187,7.197658233423449,1.0
209,CCCCCCCCC=CCCCCCCCC(=O)O,46.202,19.798,128.97974493118696,323.2125588095242,909.8990676771822,36.70404596234667,5.184891924495916,1.0
210,CCCCOC(=O)CCCCC(=O)OCCCC,46.001,19.999,75.97908666881894,221.47885179195163,944.0905350968275,30.568452512334307,6.899296975900255,1.0
211,CCCCC1CCCCC1,45.947,20.053,83.35105580576015,179.0098720341371,822.5027135139528,43.53274464578953,1.219091649171965,1.0
212,CCCCCCCCCC(=O)O,45.685,20.315,69.3118862653124,256.898941579685,909.3125496952092,32.99459220536737,7.171651048605631,1.0
213,CCCCCCCCOC(=O)CCCCC(=O)OCCCCCCCC,86.431,20.431,139.9088576215967,220.65860371447067,936.4029570318327,35.446643086405714,11.453172762226155,1.0
214,CCCCCCOC(=O)CCCCCCCC(=O)OCCCCCC,86.447,20.447,137.66875352572947,220.850535143042,937.0794128237922,34.65278190348482,10.612054999459087,1.0
215,CCCCCC(=C)C,45.475,20.525,61.94010015305651,118.77588790444236,721.435363722442,44.001748113459755,0.49749281818718477,0.5238095238095238
216,CC(C)CCCC(C)=C,45.42,20.58,69.22155466986288,134.0707691465594,723.5497555351624,43.979391819738964,0.7358119232905537,1.0
217,CC(C)CCCC(=C)C,45.42,20.58,69.22155466986288,134.0707691465594,723.5497555351624,43.979391819738964,0.7358119232905537,1.0
218,CCCC1CCCCC1,45.355,20.645,72.88211834490927,153.54225851527093,810.8786653545062,43.52997548141294,0.962293029994385,1.0
219,CCCCC=C(C)C,45.321,20.679,69.41028657062404,119.68342847344734,722.5294303176848,44.14921310223022,0.47436626218659195,0.56
220,CCCC1CCCCC1C,45.21,20.79,85.74804045044839,176.4130505645037,816.9633067194995,43.518758794373205,1.2268402071094198,1.0
221,CCCCCCCCCCCCC(C)C1=CC=CC=C1,45.204,20.796,122.47907306121,332.98693904761916,856.0060140857057,42.29329442741904,11.096553852887737,1.0
222,COCOCOCOCOC,86.906,20.906,19.09041604186835,202.5118921036112,1056.2375993117566,18.832755486970214,1.9955152359058181,1.0
223,CCCCCCCCCCCCCCCCOC(=O)C,86.958,20.958,122.97148439019122,227.22239849206375,864.3193719593891,36.43984321199892,5.383191221157877,1.0
224,CCCCCCCC(=O)C,44.985,21.015,44.38093119910938,190.17676030327988,824.2262184294807,37.416117666693296,1.08427900791755,1.0
225,CCCCCCC(CCCC)CCCCC=C,44.812,21.188,112.08801861735388,293.6979568253972,774.133233210177,44.06501727324127,4.467387460647915,1.0
226,CCCCCCCCCCCCCCCC(=O)OC(C)C,87.371,21.371,127.26060846850466,335.32794559523796,862.6657412384997,36.4591636044265,6.4504119026683755,1.0
227,CCCCCCCCCO,44.561,21.439,55.87380040269087,210.3784950536846,830.6255998775845,38.11476172390339,11.151807196217808,1.0
228,CC(C)CC1CCCCC1,44.373,21.627,83.83291514847544,173.02265128414416,813.8812335967666,43.52159362107005,1.1899835868907247,1.0
229,CCOCCOC(=O)C,44.363,21.637,23.260085904832515,155.40530762991983,979.8655067411086,24.322213906024523,1.2168994578008927,1.0
230,CCCC12CC3CC(CC(C3)C1)C2,44.325,21.675,116.71163481836533,229.47162123823387,843.7281653846949,43.443509135069874,9.895425119227742,1.0
231,CCCCCCCCCCCCCCCCCC(=O)OCC,87.678,21.678,138.20762884364763,344.3049978571432,859.3878699226245,36.74968661166756,5.755670485958257,1.0
232,CCCCCCCCCCCCCCCC(=O)OC(C)CC,87.714,21.714,134.11039068466678,343.8091023809525,863.3485493195293,36.57863432560554,6.981938783546401,1.0
233,CCCCCCC=C,44.277,21.723,57.18102145053507,125.38114784721813,717.2453969065241,44.233196231981935,0.5151807231856925,1.0
234,CC(COC(C)COC)O,44.268,21.732,32.945557712178044,187.54922433267535,966.6161687020734,27.39948247645451,7.830715148835741,1.0
235,CCOCCOCC,87.848,21.848,20.785209063924157,123.6790562937803,911.7596057056448,29.46373134511164,0.6647366481515853,0.9090909090909091
236,CCCCCCCCCC(CCCC)(CCCC)c1ccccc1,43.943,22.057,130.20735517455967,363.17939420634946,866.7893276245278,42.07665782000164,27.467449345919775,1.0
237,CCCCC(CCCC)C=O,43.844,22.156,50.999095700374475,192.8249154696103,823.9796252426518,37.56947624633774,1.2188292164807095,0.45
238,CCCCCCCC=C(CCC)CCCC,43.843,22.157,107.9076693124343,273.38966544387966,772.4915816504382,44.04138033789356,3.6609080421888303,1.0
239,CCCCCC(=O)CCCCC,43.706,22.294,58.30346348716913,213.39311573356508,821.3096497565527,38.205153463317,1.7082800022868443,1.0
240,CCCNCCC,43.702,22.298,34.826514700147584,106.31513251127228,744.977629261101,38.52464547554396,0.8523723337591553,0.36363636363636365
241,CCCCCC=CCC=CCCCCCCCC(=O)OCCC,43.599,22.401,144.06090863428471,292.94375690476204,880.1468050308649,36.418071819861424,5.810850524906539,1.0
242,CCCCCCCCC1CCCC2CCCCC12,43.592,22.408,127.28013050712929,311.86611316785485,841.4152035099961,43.45482655941326,20.342808057133166,1.0
243,CCCCCCCC(CCCC)=CCCC,43.526,22.474,106.54754065541923,272.5756928645146,772.2322998863601,44.04292143067707,3.8308667545430586,1.0
244,CC(C)CCOC(=O)C(OCCC(C)C)OCCC(C)C,43.519,22.481,97.86815307744817,237.17424874451527,1003.827113592916,28.891587015845186,10.288316317843986,0.5769230769230769
245,CCCCOCCO,43.372,22.628,27.7375936685955,174.11021581905766,910.8573289692986,29.72786436898066,5.150108469470036,1.0
246,CCCCC(CCCC)CCCC,43.35,22.65,89.5933461494821,213.32426360218852,759.6848209793158,44.083796310673065,1.9014593655509138,1.0
247,CCCCC(=C)C,43.344,22.656,51.82335134262354,93.17964714470814,708.2167987556306,44.022339297087214,0.40391029058458344,0.5
248,CCCCCC,43.302,22.698,33.797345793020895,70.82405341677524,662.9025859687368,44.53916471612414,0.31990584502037517,1.0
249,COCOCOCOCOCOC,88.739,22.739,22.823245034572174,234.6216413104957,1080.2539626246657,18.638861453107104,2.873751428561804,1.0
250,CCCCCCCCCCCCCC,88.777,22.777,96.26795573867702,260.12166642559134,768.291363973293,44.06785335966258,2.239712272533292,1.0
251,CCCCC1CCCC2CCCCC12,43.033,22.967,129.50345587755567,240.09224954176986,840.2683840834717,43.45482655941326,6.626610267762108,1.0
252,CCCCCCCC(=O)OCCCC,42.961,23.039,72.97614644307163,231.7789261404455,858.5155046137728,33.13121849662492,2.641487345539151,1.0
253,CCCCCCCCCCCCCCCC(C)C,89.082,23.082,115.84905340429115,315.5569664285716,777.9468112796816,44.064873007556514,4.675168357321422,1.0
254,C1CCC(CC1)C2CCCCC2,42.797,23.203,106.6457386481133,233.4373308358425,851.2917562743327,43.35687484009252,3.968779064875178,1.0
255,CCCCCC=CC,42.794,23.206,58.386390132901255,124.82108497208452,719.4252346882837,44.231824843800375,0.46897198964928005,1.0
256,C/C=C/CCCCC,42.794,23.206,58.386390132901255,124.82108497208452,719.4252346882837,44.231824843800375,0.46897198964928005,1.0
257,CC(C)CC1CCCC1,42.59,23.41,77.23165353718485,149.58449934008362,790.7436023414529,43.52789189896574,0.969073434800273,1.0
258,CCCCCCCCCCCCCC(C)(C)c1ccccc1,42.542,23.458,126.09487682149589,359.7215971428573,860.619829715942,42.13140237535837,19.0485623270269,1.0
259,COCOCOCOCOCOCOC,89.471,23.471,26.627875530761614,248.47187648173465,1080.902212676248,18.68237565144616,3.8142087613403595,1.0
260,CCCCCCCCCCCCCCCC(CCCC)C1=CC=CC=C1,42.461,23.539,137.45296782056573,370.9246336507938,863.1940400013684,42.18705969846459,24.756877770410135,1.0
261,CCCCC(CC)C=O,42.456,23.544,38.24418678150348,158.73329699263553,823.3116247034311,36.88501873864219,0.8546714489447316,0.4166666666666667
262,CCCCCC(=O)CCC,42.351,23.649,43.29624043904357,183.965107884564,820.1236558081789,37.34476326379021,1.0575221739293692,1.0
263,CCCCCCCCCCCCCCCC(=O)OCC(C)C,89.72,23.72,134.6266751695221,337.6259044047621,858.3447692208542,36.46947158137382,6.270281374051652,1.0
264,CCCC1CCCC1,42.138,23.862,65.87012959040854,133.18736379681474,784.3644522089731,43.54000744198543,0.8117337039579108,1.0
265,CCCCCCCCCCCCCCCC(C)(C)c1ccccc1,42.136,23.864,130.2219205343929,366.44536341269855,862.7274876741084,42.13140237535837,23.317793298521995,1.0
266,CCCCCC=CCC=CCCCCCCCC(=O)OCC,42.126,23.874,142.5441123866693,330.95847047619037,882.0193278512085,36.435054161233545,4.9538547316193435,1.0
267,CCCCCCOC(=O)CCCCC,42.111,23.889,74.25674929829762,231.36672248965183,858.6486128106798,32.96087110540418,2.619666944814126,1.0
268,CCCCCCCCCCCCCCCCCCOC(=O)C,89.939,23.939,138.57041763663665,231.365551746032,864.3126543235777,36.58810545033962,6.34785004908523,1.0
269,CCCCCC(CCC)C(CCCC)CCCC,42.052,23.948,114.42250633508215,272.90388207772975,774.6722088348587,44.06977346144495,6.656811540547039,0.8823529411764706
270,CCCC1OC(C)C(C)O1,41.927,24.073,54.910328187572844,182.3999773641412,936.4389281965397,30.878549277092144,1.5147684279509412,0.2962962962962963
271,CCC(C)OC(C)CC,41.822,24.178,49.75783194645297,139.11391130490532,757.8526325328222,37.02964357491305,0.8336864347135193,0.42857142857142855
272,CCCCOC,90.217,24.217,24.956610629876877,71.90253105139654,754.4942365441677,35.02398197927793,0.331061228860454,0.75
273,CCCCCCCCCC(C)C1=CC=CC=C1,41.623,24.377,112.21077768055555,294.8754001712618,857.4077435448852,42.19706363209516,6.760053035707498,1.0
274,CCCCCCC(CCCCCC)C1=CC=CC=C1,41.579,24.421,119.24456983334109,316.78951096491244,860.1101980234041,42.184973978962866,10.468938806677327,1.0
275,C/C=C\CCCC,41.539,24.461,51.70487760787742,97.39519767730273,702.8377648725283,44.27215448863849,0.3503683050965641,1.0
276,CCCCC=CC,41.539,24.461,51.70487760787742,97.39519767730273,702.8377648725283,44.27215448863849,0.3503683050965641,1.0
277,CCCCCCOCCCCCC,90.499,24.499,69.17302038511677,222.18590354159232,756.0373095454863,39.22249491634323,1.9601496357105042,0.9285714285714286
278,CCCCCCCCCCCCCCCCCC(=O)OC,90.699,24.699,130.53290669672367,344.5144740476189,866.8136625808357,36.73575911052208,5.637561747946488,1.0
279,CCC1(C)OCCO1,41.276,24.724,33.8031212278804,129.94221084709662,950.6736779301899,29.353219620074075,1.0036760279373234,0.2916666666666667
280,CCCCC(CC)C1OC(C)C(C)O1,41.216,24.784,89.7127294745182,225.6343291596357,927.9512939422344,32.508624675962444,4.2276947335373105,0.4
281,CCCCCCCCCCCCCCCCc1cc(C)c(C)cc1C,41.206,24.794,130.19813136721726,368.94952658730176,879.1277133555392,42.32339034777284,23.70578482253565,1.0
282,COC,41.198,24.802,11.438169267132896,-9.983671070760677,819.4741069121379,27.680260865897562,0.30888328334754284,1.0
283,CCCCCC=CCC=CCCCCCCCC(=O)OC,41.175,24.825,138.5044708635432,320.85906754689734,885.4030445501338,36.44592516201083,4.809904690036705,1.0
284,CCCC(CC)C1CCCCC1,40.985,25.015,101.16151476402341,213.2745865679922,830.8060611163708,43.50946811368763,2.3682752231009174,1.0
285,CC(OC)OC,40.981,25.019,14.765467959097382,70.21807406558892,944.9932802673536,26.49307545143816,0.42675117315254846,0.3125
286,CCCCCC1CCCC(=O)O1,40.945,25.055,73.85309670531457,230.77336261876744,984.0036156662572,31.441019490658427,2.797025875704992,1.0
287,CCCCCC=CCC=CCCCCCCCCO,40.919,25.081,131.93456506640248,290.4915338528138,853.3453373433533,39.19996453699379,6.942980173415083,1.0
288,CCCCCCCCC=CCCCCCCCC(=O)OCCCCCC,91.176,25.176,145.5195492180889,246.9534178571433,868.0529558261717,36.66937451297258,8.650344357695637,1.0
289,CCCC1CCCC2CCCCC12,40.808,25.192,125.93013659392642,230.29790358401704,840.6988082750145,43.458235359985046,5.399260583794242,1.0
290,CCCC1CCCC2C1CCCC2,40.808,25.192,125.93013659392642,230.29790358401704,840.6988082750145,43.458235359985046,5.399260583794242,1.0
291,CCOC(C)(C)C,40.785,25.215,39.15576044976676,82.21235668107838,749.3088502304994,36.17284232131637,0.5327136755337823,1.0
292,CCC#CC,40.688,25.312,65.3278706469481,45.2220398308771,700.8901186321647,44.41302585432937,0.30180653765257803,0.23076923076923078
293,CC(C)CCC(CCC(C)C)C(CCC(C)C)CCC(C)C,40.679,25.321,123.19022429344903,274.51379581404245,776.8155147290031,44.039407859987534,17.040534159219494,1.0
294,CCCCCCC(=O)C,40.671,25.329,38.187712394412536,171.27706503379028,823.494908268998,36.94070672949469,0.8719596711742469,1.0
295,C=CCCCCCCC=C,40.608,25.392,81.76015499957722,168.73712099341245,743.6299230078579,42.5764854646647,0.9860615375701984,1.0
296,C1CCC2CCCCC2C1,40.601,25.399,102.16688277098159,188.88844652664517,850.1224063764446,43.35807639064125,2.6813462663427536,1.0
297,CCC(C)C1CCCCC1,40.304,25.696,87.28688687096412,176.14969407699604,821.0112525910774,43.518758794373205,1.2093070219526152,1.0
298,CCCCCCCCCCCCCCCCCCCC(=O)OC,91.814,25.814,143.90302909247364,371.5028064285714,866.7479167944942,36.764860183975685,7.00198921189374,1.0
299,CCCCN,40.091,25.909,26.516196025383305,50.778622198074586,735.6074816572674,36.178127508212306,0.3160661355045518,0.5
300,C1CCC2C(C1)CCC3C2CCCC3,39.828,26.172,131.80628156577868,257.71832478835995,850.7028491970076,43.27697756001489,13.31116861465897,1.0
301,CCCCCCCCCCOC(=O)CCCCCCCC=CCCCCCCCC,92.178,26.178,145.631373927532,247.84091785714327,867.3888658379936,36.67015401812722,11.866835937653883,1.0
302,COC(=O)CCCCCCCC=C,39.77,26.23,92.09381699747863,220.57781430610243,899.3626708006735,30.850583501268186,2.5614417308954085,1.0
303,CCCCCCCCC(CCC)C1=CC=CC=C1,39.711,26.289,116.42230998252052,304.17190501253145,859.7634239384832,42.15499054507736,9.416211163456648,1.0
304,CCCCCCCCCCCCCCCCC(C)C,92.434,26.434,122.90342855733486,328.7390740476193,777.9468112796816,44.064873007556514,5.54046401390611,1.0
305,COC(OC)(OC)OC,39.559,26.441,15.751385510166555,144.50099925291494,1045.606590266349,22.008293556711976,1.4376293415668888,0.4166666666666667
306,CCCCCC1(CCC)CCO1,39.497,26.503,88.08450785147174,212.9531950660143,871.9074514379635,36.11368627929323,2.2752286055799034,0.34375
307,CCCCOCC(C)O,39.382,26.618,34.333253000481186,171.2723226645151,903.8795012250264,30.555767016241177,7.309541421065627,1.0
308,CC(C)CCOC(=O)C(C)OCCC(C)C,39.332,26.668,79.07446277778597,225.35927113686836,975.2508812271005,28.93446234793815,5.367540832727144,0.5769230769230769
309,CCOC(=O)CC(OCC)OCC,39.257,26.743,39.90043940374821,218.51942216689392,994.5066969251078,25.997157692197003,3.383093598735111,0.5
310,CCCCCC(=O)CC,39.255,26.745,37.448569992493475,163.42077308536713,818.4197465558842,36.90712541501892,0.8536766888472072,1.0
311,CCCCCCCC(=O)OCC,39.171,26.829,52.622098536028545,209.85628045466814,862.2922033482403,32.241040484577,1.9636069317402267,1.0
312,CCCCCCCCCCCC(=O)OCC(COC(=O)CCCCCCCCCCC)OC(=O)CCCCCCCCCCC,92.865,26.865,144.20301602756922,366.28897126984134,956.8393937312106,36.28694873129106,27.930392575308893,1.0
313,CCCCCCCCCCCCCC(=O)OCC(COC(=O)CCCCCCCCCCCCC)OC(=O)CCCCCCCCCCCCC,92.897,26.897,144.20301602756922,365.99240293650803,956.8393937312106,36.28694873129106,29.597519000599572,1.0
314,CCCCCC=CCC=CCCCCCCCC(=O)OCC(COC(=O)CCCCCCCC=CCC=CCCCCC)OC(=O)CCCCCCCC=CCC=CCCCCC,39.003,26.997,144.22557748557614,365.0260374603176,963.2898440762499,36.328032428149186,41.153769651171054,1.0
315,CCC(CC)C1OC(C)C(C)O1,38.917,27.083,77.41591704712803,208.61445759755978,942.0872247417756,30.9413117174497,2.9783454921748094,0.2727272727272727
316,COC(OC)OC,38.906,27.094,13.812866354746626,100.77728382704437,1037.4137918626675,22.40483372086622,0.6528059532331602,0.3333333333333333
317,COC(=O)CCCCCCCC(=O)OC,38.714,27.286,59.14271517039952,219.21286141857857,1022.790528625766,25.986530283546056,5.176899316073939,1.0
318,COC(C=C)OC,38.639,27.361,23.910496565345195,94.25072045546185,961.4569200295696,26.859326871202438,0.5986262267626336,0.21428571428571427
319,CC(C)CCOCCC(C)C,93.44,27.44,63.9630484325259,177.20449032362953,759.1879239889432,37.3397678532404,1.1030119858121215,1.0
320,CCCCC=CCC,38.554,27.446,60.07698471079421,124.40003915946659,718.1158224280294,44.252149799489686,0.4929900911912014,1.0
321,CCCCC1CCCCC(=O)O1,38.354,27.646,73.58302281524867,229.9070452912408,984.4217633011955,31.242419122163074,2.6059125550703963,1.0
322,CCCCCCCC(=O)OC,38.263,27.737,46.13785791304863,195.48483808981345,871.0847297172895,31.936312397111774,1.4527293625474613,1.0
323,CCCCCCCCCCCCCCCCCC(=O)OC(C)C,93.892,27.892,143.28184474858077,355.4611150000001,862.689029772724,36.73778914603182,7.844691893838967,1.0
324,CCC1C2CC3CC(C2)CC1C3,38.106,27.894,109.2716655984841,220.24445045478151,835.6290124498984,43.45887600868314,9.799311034848525,1.0
325,CCC(C)C1CCCC2CCCCC12,38.105,27.895,129.2155289206684,233.6215238127103,840.0704852589639,43.41834202937555,6.9570431319245145,1.0
326,CCOCCOCCOCC,93.996,27.996,25.254334236268786,197.7342956429222,959.0621624863066,28.95697706800886,1.6420793427115732,1.0
327,CCCCC1(CCCC)CCO1,37.993,28.007,87.97128610954277,212.01844518793155,871.3789487146987,34.72773928709586,2.1462730303270248,0.3448275862068966
328,CCCCCCCCCCCCCCC,94.047,28.047,101.69795016296747,277.09512150072123,774.317608387456,44.06785335966258,2.873736115742698,1.0
329,CCCC=CCCC,37.933,28.067,59.23156706382136,123.48310182533861,715.1431599460465,44.264797662037125,0.4760749139189129,0.47058823529411764
330,CCC/C=C/CCC,37.933,28.067,59.23156706382136,123.48310182533861,715.1431599460465,44.264797662037125,0.4760749139189129,0.47058823529411764
331,CCCCCCCCC=CCCCCCCCC(=O)OCCCCCCCC,94.073,28.073,145.631373927532,247.59011547619093,867.6113601889266,36.66937451297258,10.648421783472804,1.0
332,COC1CCCC1,37.917,28.083,54.923456656078066,112.69099326494634,891.2770050461822,33.12408316275701,0.8198911118489925,1.0
333,CCCCC(C)CC,37.895,28.105,50.880622001280244,120.1238781008684,703.5549401627055,44.29179935292532,0.48579412113228193,1.0
334,CCC(C)OC,37.821,28.179,27.659058298369537,69.90344711807276,755.0337184327561,35.26962350477436,0.37472462540045476,0.4
335,CCCCCCCC(C)O,37.74,28.26,52.42064062840161,193.42678579605024,819.9069585790676,37.698592929743526,9.120887161997306,1.0
336,CC(C)C1CCCCC1,37.727,28.273,76.6974163322585,149.379545953542,801.1812104978021,43.51499446520524,0.9459993673508225,1.0
337,CCCCOC(=O)C1=CC=CC=C1C(=O)OCCCC,37.696,28.304,95.37566389222455,292.19447884127004,1013.2725022494176,29.786088735558835,19.277889782175375,1.0
338,CCCC=CCC,37.64,28.36,53.69231727480944,96.68222958635265,699.9454066589271,44.29220968300206,0.38903352754534704,0.6470588235294118
339,CCCCC(CCCC)C(CCCC)CCCC,37.606,28.394,113.91366902387688,269.83240705179725,774.5765430213402,44.07545023956852,6.153829910968273,1.0
340,CCCCC(=O)CCCC,37.3,28.7,42.70332027579024,183.41360273874383,817.7771905062526,37.25006816350375,1.0019754551567897,0.8125
341,CCCCCCCCCCCCCCCCCC(=O)OC(C)CC,94.798,28.798,143.24723293162185,363.74546460317464,863.3255625166927,36.78050054840049,9.91820790777221,1.0
342,CCCCCCCCCCCCCCCC(=O)OCC(COC(=O)CCCCCCCCCCCCCCC)OC(=O)CCCCCCCCCCCCCCC,94.824,28.824,144.20301602756922,366.431102936508,956.8393937312106,36.310081506450615,29.892113785426556,1.0
343,CCCCCCC(=O)OC,37.101,28.899,37.65976420155946,175.0051193349911,874.27972263987,31.140336201583217,1.1779407358796459,1.0
344,CCC=CCC=CCC=CCCCCCCCCO,36.911,29.089,140.32245882008343,280.1057495670995,861.4064636239265,37.80506265680411,6.948788660138931,1.0
345,CC(C)COC(=O)C(C)OCC(C)C,36.843,29.157,62.869137723802766,217.58414315790884,976.964254520397,28.3847430985295,4.212650992892809,0.40625
346,CCCC#CC,36.781,29.219,75.94668875318753,74.40509829441612,718.4712246190292,44.34740555557469,0.35151042448057845,0.2857142857142857
347,C(CCO)CCO,36.719,29.281,26.436800526812554,171.56776651734128,1022.7779010399305,26.101090781053724,12.488438518338254,0.6153846153846154
348,CCCCCCOC(=O)CCC,36.455,29.545,55.677493659048416,207.11334720129497,861.3907841273663,31.985444457842426,1.79709486029273,1.0
349,CCC1CCCCC1,36.381,29.619,66.36496229790674,130.43789171487484,790.249569780202,43.551556724383325,0.8289111986089763,1.0
350,CCCCC#N,36.277,29.723,49.948385819677796,99.97838771320154,763.9007774631843,40.16466423799798,1.386070201054054,0.4
351,CCCCCCCCCCCCCCCCCC(=O)OCC(COC(=O)CCCCCCCCCCCCCCCCC)OC(=O)CCCCCCCCCCCCCCCCC,95.789,29.789,144.20301602756922,366.5652596031747,956.8393937312106,36.310081506450615,30.747939542708334,1.0
352,CC(C)CCC(C)C,36.191,29.809,55.61084261565348,113.87826393928526,696.8425456329695,44.287470320862205,0.44491045420151887,1.0
353,CCCC(C)CC,36.036,29.964,44.72528870808974,92.3648655540538,685.4127210676971,44.35765129478175,0.39187582980542707,1.0
354,CCCCCCCCO,35.948,30.052,44.64255050327079,189.682609291281,827.2909693372245,37.63363142395937,9.784883633358932,1.0
355,C1COCO1,35.826,30.174,13.175073803217382,65.80528878066379,1024.1939110014266,24.115960000217207,0.5127413041838593,0.3333333333333333
356,CCCC(=C)C,35.705,30.295,45.77895863886872,65.82867910129518,687.0607840488416,44.078251973922534,0.3120332260647014,0.5333333333333333
357,CC1CCCCC(CC1)C,35.667,30.333,83.91285220158258,173.64338306958388,815.3151764046981,43.521018331902596,1.2134370584138416,0.9090909090909091
358,CCCCC(C)C(C)C,35.608,30.392,63.972623925388184,138.7061981411896,724.8589069500557,44.2448555515467,0.7105581413329936,0.6470588235294118
359,CCCCC,35.529,30.471,31.03171766492441,39.83442953234387,654.3838579903762,44.74350604736379,0.27367103782723357,1.0
360,CCCCCCCCC1=CC=CC=C1,35.45,30.55,96.26811869817502,259.3673260193941,851.9773944670844,42.22791123067078,2.654453901449012,1.0
361,CCC(CC)=CCCCCCCC=C(CC)CC,35.44,30.56,114.16591015743693,298.7054265728717,774.1578731561553,42.314819886765335,5.165171824332954,1.0
362,CCCCCCCCCCCCCCCCCC(=O)OCC(C)C,96.583,30.583,145.27543998432196,354.0088051587304,858.5760383275108,36.75317981269849,8.722201455532403,1.0
363,CCCCCC(C)(C)C,35.34,30.66,65.15348177742067,135.23914981243266,714.8486234730242,44.20712766460824,0.6577387953668634,1.0
364,CCCC(C)C(CC)CC,35.31,30.69,75.16367482029618,160.71579750767066,738.0866994893746,44.179705619109995,0.9182085806625125,0.6875
365,CCCCC(CC)CO[N+](=O)[O-],35.298,30.702,60.700210774508705,199.51751405242584,888.998903271147,32.029595756125744,5.163189525445694,0.4473684210526316
366,CCCCCCCCCCCCCCCC(=O)OCC(CC)CCCC,96.704,30.704,144.59807861261461,361.72259547619075,858.6811534430503,36.790808525347806,13.07451923171832,1.0
367,CCN(CC)CC,35.173,30.827,37.163896241223924,96.46504551932394,739.5163449214563,38.55881777536911,0.4173756540395229,0.3
368,CCCCCCC(C)O,35.16,30.84,45.409009283830045,178.55115228296162,816.7477911988577,37.30035853508947,9.058285006445042,1.0
369,CC1(OCCO1)C,35.084,30.916,27.549602894570665,103.66410067931233,976.988114793261,28.02045175729496,0.8118327943127647,0.35
370,CCCCCCOC(=O)C,35.062,30.938,47.31427013424058,175.6599882761658,869.1842861513345,31.07002940470055,1.0971000413215297,1.0
371,CCCCOC(=O)CCCCCCC/C=C\C/C=C\C/C=C\CC,35.032,30.968,144.98596298190748,267.6558332467537,888.7913165933834,35.08004510511454,7.42988438333213,1.0
372,CCC(CC(C)C)C(CC)CC(C)C,34.619,31.381,107.83668215415658,218.78842923837044,760.5165173518571,44.12622396287753,3.5486748478078733,1.0
373,CCCCCC=C,34.565,31.435,48.994913389393425,95.9175704741854,694.8179872787833,44.28013113612374,0.38984568464793584,1.0
374,CCCCCCC(=C(C)CCC=C(C)C)C,34.523,31.477,109.28445201733744,256.54153258846236,764.3459892189685,42.30122414616563,4.599232417131234,1.0
375,CCCCCCC(C)=C(C)CCC=C(C)C,34.523,31.477,109.28445201733744,256.54153258846236,764.3459892189685,42.30122414616563,4.599232417131234,1.0
376,C#Cc1cc(C)ccc1C,34.474,31.526,98.85599489603379,193.6520935336158,913.9255457637311,41.008404268297426,2.0790348800487832,0.4782608695652174
377,CC1=CC=C(C=C1)C#C,34.474,31.526,97.27305793221163,172.28570493702733,910.734100709762,40.99464963293917,1.45922085821105,0.5
378,CC1=CC(=C(C=C1)C)C#C,34.474,31.526,98.85599489603379,193.6520935336158,913.9255457637311,41.008404268297426,2.0790348800487832,0.4782608695652174
379,CCCC(C)C,34.327,31.673,38.73977393935503,62.64843936734147,662.0318096393887,44.4496566676023,0.32547693723232785,1.0
380,CC1OCCO1,34.322,31.678,19.04020779962113,80.54216181388398,984.1881468251254,26.937511499331688,0.6432825693042844,0.3684210526315789
381,CCCC=O,34.258,31.742,19.42388796478647,70.71658621646655,825.2833408027052,31.715412243437694,0.416328251029821,1.0
382,CCCCON=O,34.225,31.775,27.824188675349376,113.81540750631044,819.7766323615227,33.92888194666148,0.768720468991565,0.45
383,CC1=CC=CC=C1C#C,34.198,31.802,98.1384270652581,175.8015783259162,915.5647510194375,40.9352892670751,1.5936971260392807,0.47368421052631576
384,CC1=CC(=CC=C1)C#C,34.198,31.802,96.63250616603389,173.34949221480508,909.6987139370452,41.001651603582594,1.5896777857879603,0.5238095238095238
385,C/C=C\CCC,34.122,31.878,45.54451857502023,68.62565952392535,678.9234727875042,44.358100031129105,0.24254607543687343,0.6470588235294118
386,CCCC=CC,34.122,31.878,45.54451857502023,68.62565952392535,678.9234727875042,44.358100031129105,0.24254607543687343,0.6470588235294118
387,C/C=C/CCC,34.122,31.878,45.54451857502023,68.62565952392535,678.9234727875042,44.358100031129105,0.24254607543687343,0.6470588235294118
388,C#Cc1ccc(CC)cc1,34.018,31.982,105.04339120552623,192.07510367252675,907.7843339968272,41.10026035354704,1.736674424316578,0.43478260869565216
389,CCCC(C)CCC,34.009,31.991,50.52226523143926,117.82354072426124,701.1145800163598,44.307002669469796,0.4600391193653836,1.0
390,C#CC1=CC=CC=C1,33.924,32.076,108.42574074320554,149.02250475163638,927.0962455288224,40.63067220939882,1.3534174279684872,0.35294117647058826
391,C#CCCc1ccccc1,33.913,32.087,109.20287770361541,194.896663454752,919.5124186097934,40.7737837816683,1.646769442541413,0.55
392,CCC=CCC=CCC=CCCCCCCCC(=O)OCC(COC(=O)CCCCCCCC=CCC=CCC=CCC)OC(=O)CCCCCCCC=CCC=CCC=CCC,33.881,32.119,144.9443447898538,359.0571088095239,989.9231946691898,30.958821474958576,39.986750107849524,1.0
393,C=CC1CCCCC1,33.833,32.167,75.9188198675272,129.9183827684947,802.023206597001,43.39134378407066,0.9792200339915903,1.0
394,C#CCC1=CC=CC=C1,33.783,32.217,101.97611770402393,174.87810905328467,926.3370585566706,40.61535233795393,1.427866921558045,0.45
395,C#CCc1ccccc1,33.783,32.217,101.97611770402393,174.87810905328467,926.3370585566706,40.61535233795393,1.427866921558045,0.45
396,CCCCCCCCCCCCCCCC,98.288,32.288,107.43839928467176,289.3446768975468,777.3697957225946,44.06785335966258,3.358704803702868,1.0
397,CCCCCC=CCC=CCCCCCCCC(=O)O,33.692,32.308,135.42270276060094,274.9304229166667,918.0100577215838,36.43011886596682,6.231049845341722,1.0
398,CCNCC,33.691,32.309,24.986525128270724,58.064556930941265,727.1977277554762,36.95627782728793,0.5438588966061962,0.3
399,CC1COC(O1)(C)C,33.624,32.376,38.52695527420198,124.43944005610422,975.2004658825173,28.822668155710275,1.073495270901005,0.2857142857142857
400,C#CCN,33.58,32.42,41.324825242353526,22.96008486793957,798.4132900184543,32.22954296385451,0.37773685473139684,0.2631578947368421
401,CCCCC\C=C/C/C=C\C\C=C/CCCCC(=O)OC,33.343,32.657,141.69644294982504,279.7567593756311,894.2797271875031,34.870852924356306,5.867233531967447,1.0
402,CCCCCC=CCC=CCC=CCCCCC(=O)OC,33.343,32.657,141.69644294982504,279.7567593756311,894.2797271875031,34.870852924356306,5.867233531967447,1.0
403,CCCC#C,33.167,32.833,50.328551010621595,40.82292579364478,686.1025707855025,44.51276768223257,0.29872001653095304,0.5882352941176471
404,CC1CCC=CC1,33.014,32.986,68.61689121243106,91.2167068271087,788.8111702965622,43.19616803072824,0.7468079095414017,1.0
405,C=CC1CCC=CC1,33.004,32.996,80.95204369433179,131.19243607224485,823.2256264037866,42.26739939036405,1.1097719058760735,1.0
406,CCCCCCCCCCCCCCCCCC(=O)OCC(CC)CCCC,98.999,32.999,145.7535435295197,362.7951196825398,858.9064088677816,36.795891215067165,15.800489198917886,1.0
407,CCCOCC(C)O,32.699,33.301,26.940165533513376,163.69267185319742,907.1738551339533,29.550421522386944,7.143263127582776,0.7272727272727273
408,C1COCCN1,32.59,33.41,20.000034220221394,90.92820981069941,940.1385449605383,28.766434675107792,1.0786579074621778,0.35714285714285715
409,CCCCCCCO,32.529,33.471,36.93478604670471,173.75168341206623,822.3287346097709,36.74080538439718,7.622948556718943,1.0
410,CCCC(C)C=O,32.483,33.517,29.423412354430166,117.15278973644999,820.5883612831344,34.989805836282336,0.604767637352147,0.4782608695652174
411,CCCC(CC)C(CC)CCC,32.441,33.559,96.26881981392928,202.9729852776208,753.3341466621005,44.12830857238116,1.7419575485552605,1.0
412,CCCCCC(=O)C,32.432,33.568,32.83189294503502,145.93228836623356,822.6168476402789,35.919682273448494,0.6889220561091617,1.0
413,CCCCCCCCC1(CCCCCCCC)CCCc2ccccc12,32.332,33.668,130.88060769910905,365.1115353174605,938.9789267680437,38.80925066148503,45.8600240322759,1.0
414,CC(C)CCCC(C)CCCC(C)CCO,32.288,33.712,111.84828625423727,242.1410725041413,833.2283279055687,38.26584621152288,8.177634857912627,1.0
415,CCCCCCCC1=CC=CC=C1,32.287,33.713,97.52677335978626,243.9359270971159,853.026375617863,42.10108166201384,2.268074332346593,1.0
416,CCCCC(=O)CC,32.28,33.72,31.865035270118746,145.23585501329097,818.462368706538,35.912277932099954,0.702286594613596,0.8333333333333334
417,CCCC(C)C(C)C,32.244,33.756,57.58062315952174,115.3875057694209,707.6428161320434,44.292050633798034,0.4963053613288759,1.0
418,CCC1CCCC1,32.231,33.769,58.2347069775662,105.78301939849231,770.5180911061736,43.608266146322364,0.6837779420485238,0.9285714285714286
419,COCCOCCOCCOC,99.788,33.788,24.480640230362237,215.96860430573764,1005.257300975429,25.359412866470304,2.4994177745001007,1.0
420,CC#N,32.154,33.846,41.82492103015512,13.304595212398729,711.3771692236122,39.22648758735373,0.8737931272872603,0.16666666666666666
421,CC(OC)(OC)OC,32.051,33.949,14.516417782415934,119.70593673005614,1002.909330241531,23.396073838996692,0.9760987753140642,0.5
422,CCCCC1C(CC(=O)O1)C,31.889,34.111,73.05049178298364,212.80359417318755,981.5135561881602,30.851206108226975,1.873930324375308,1.0
423,CCOCCO,31.736,34.264,16.57493590044625,141.5759834919953,938.5594526651032,25.639244686119465,3.1051137547265384,0.5625
424,CCC=CCC=CCC=CCCCCCCCC(=O)OCC,31.702,34.298,144.8053330716976,324.60417642857135,891.3256509969284,33.399534199194136,5.60115329576491,1.0
425,COC(=O)C1=CC=CC=C1C(=O)OC,31.457,34.543,61.70340514171884,277.2719401027861,1145.842809435405,22.980582946475618,7.329567154445455,1.0
426,CCCC(C)C=C(C)C,31.444,34.556,75.1578175117304,133.7741416093172,724.8010445752018,44.14375408898812,0.7592976337367217,1.0
427,CCCOC(=O)CCCCCCCC=CCC=CCC=CCC,31.425,34.575,144.86927266982784,293.41854365079365,889.920039787312,33.55575800027005,6.242138987787295,1.0
428,CCCOC(=O)CCCCCCC/C=C\C/C=C\C/C=C\CC,31.425,34.575,144.86927266982784,293.41854365079365,889.920039787312,33.55575800027005,6.242138987787295,1.0
429,CCCCCC=CCC=CCC=CCC=CCCCC(=O)OC,31.366,34.634,141.98774945150655,291.86397933422325,896.3893683375239,34.81063084022523,6.576851876494431,1.0
430,CCCCC/C=C\C/C=C\C/C=C\C/C=C\CCCC(=O)OC,31.366,34.634,141.98774945150655,291.86397933422325,896.3893683375239,34.81063084022523,6.576851876494431,1.0
431,CCCCC=C,31.255,34.745,42.72451487196056,67.22220055062519,671.181707145424,44.40317063473955,0.28628575590335753,1.0
432,CCCCCCO,31.214,34.786,31.620691020924454,158.49920443666142,818.6918388441318,35.91233424373816,5.769468462418289,1.0
433,CCCCCCC(C)C1=CC=CC=C1,31.211,34.789,97.56773204297824,249.78009801052394,859.0741322680899,42.02136620153561,3.259030531451837,1.0
434,CCCCCCCCC/C=C/C=C/C=C/C=C/C=C/C=C/C(=O)OC,31.173,34.827,139.54880115479858,326.71247809523834,908.9017338202111,35.74512714937842,9.445543168362066,1.0
435,CCCCCCCCCC=CC=CC=CC=CC=CC=CC(=O)OC,31.173,34.827,139.54880115479858,326.71247809523834,908.9017338202111,35.74512714937842,9.445543168362066,1.0
436,COCCOCCOC,100.95,34.95,17.868982132166895,158.3648049324585,993.1188442848246,25.27514397250859,1.2901790098755124,1.0
437,CC(C)OCCO,30.979,35.021,24.5531665538539,151.42960932601406,942.8004731072706,27.731550297713877,5.129957127237308,1.0
438,CCC=CCC=CCC=CCCCCCCCC(=O)OC,30.882,35.118,145.17171377118643,317.25773103174583,898.3697850454772,33.45502383740801,5.594913770292339,1.0
439,CC\C=C/C/C=C\C\C=C/CCCCCCCC(=O)OC,30.882,35.118,145.17171377118643,317.25773103174583,898.3697850454772,33.45502383740801,5.594913770292339,1.0
440,CCC#Cc1ccccc1,30.759,35.241,109.5530302631778,183.4297576976609,909.0310488224748,40.71310907867778,1.5011258642613818,0.375
441,CCC#CC1=CC=CC=C1,30.759,35.241,109.5530302631778,183.4297576976609,909.0310488224748,40.71310907867778,1.5011258642613818,0.375
442,CC(C)(OC)OC,30.757,35.243,19.12797141952175,88.83985778682545,944.8140413082023,27.847381670593997,0.7390302231492786,1.0
443,CCC1CCCO1,30.692,35.308,53.518998505246195,109.77997488501221,868.4250852552457,31.664452805086963,0.7360151140343485,1.0
444,CC#Cc1ccccc1,30.574,35.426,110.38183132125998,168.3703142678223,910.240651655244,40.68717517946884,1.3654036560740677,0.35
445,CC#CC1=CC=CC=C1,30.574,35.426,110.38183132125998,168.3703142678223,910.240651655244,40.68717517946884,1.3654036560740677,0.35
446,C1CC(CC=C1)C=O,30.508,35.492,37.42755569215155,154.1803992998606,913.4653627696705,34.26315292768156,1.327733153008039,1.0
447,O=CC1CCC=CC1,30.508,35.492,37.42755569215155,154.1803992998606,913.4653627696705,34.26315292768156,1.327733153008039,1.0
448,CCC(CC)CC,30.498,35.502,47.30333345205749,93.16465866219413,686.0967021099816,44.379060104906614,0.39259452869054046,1.0
449,CCC=CCC=CCC=CCCCCCCCC(=O)O,30.476,35.524,143.36473629708095,269.77620324675337,926.4111783943754,33.80657291507534,6.980800920844628,1.0
450,COC(=O)C(C)OCC1CC1,30.474,35.526,43.605940009787446,196.47859186984599,1003.2492492594658,25.31830684836768,2.944316017039044,0.2962962962962963
451,CCCCCC(=O)OCCCC,30.425,35.575,52.54284912590782,201.59015805226463,860.4127586815936,31.450888536409746,1.7938918997631144,1.0
452,CCCC#N,30.377,35.623,43.39494039411777,78.98957325034682,752.9874772739335,39.603784358705134,1.1374487493892353,0.3076923076923077
453,C1CCOCC1,30.135,35.865,28.857903632666257,83.20353134300214,883.5687413698802,31.76214180249847,0.7415238763436642,1.0
454,CCC(C)CC(C)C,29.952,36.048,59.653067470346194,114.10347571178048,702.3892242191736,44.27737459466507,0.4891445203261365,1.0
455,CC1CC(C(C1)(C)C)C,29.944,36.056,79.50615057837688,141.6104887656216,777.9976559043096,43.63148370599738,1.2497631292723708,1.0
456,CCCCCCCCCCCCCCCCC,102.085,36.085,113.43501409593517,305.55025324675347,779.0835242066171,44.06785335966258,3.727387861148384,1.0
457,CCCCCOCCCCC,102.095,36.095,52.9224195713937,191.17559178262843,754.5324776786528,38.42650026274241,1.190151479827102,1.0
458,CC1CCCCC1(C)C,29.791,36.209,80.9828005349511,144.14914394309315,798.9782320748861,43.53562273734788,1.21308926795319,1.0
459,CCCCC(C)(C)C,29.784,36.216,56.89604983758288,112.51626855828532,700.2133033940914,44.25791710975508,0.48668359442651676,1.0
460,CCCCCOC=O,29.736,36.264,33.35253890571777,129.4995408615282,888.098417618531,28.689057920826464,0.6860988397884367,0.5416666666666666
461,CCC=O,29.623,36.377,16.474400643493908,46.246162103276376,827.0445217251905,29.199652215799382,0.39844770794045287,0.5
462,CCCCC(=O)C(C)C,29.621,36.379,40.272536127028744,155.64439095849167,818.8330614110387,36.55311547040346,0.8896031037236339,1.0
463,CC(=CCCC(=CCC=C(C)C=C)C)C,29.615,36.385,96.07995982624432,184.20241717051562,810.6345441005849,41.8612325740683,4.553057966146824,1.0
464,CCCCCCCC(CC(C)C)(CC(C)C)c1ccccc1,29.557,36.443,124.0769478912093,328.1439873015875,868.5992280537132,42.0537000014286,21.137699501509722,1.0
465,CCC(=CC)CC,29.514,36.486,61.70492983189014,94.62113210691503,708.7566830829811,44.297903188327346,0.3806757215884302,0.42105263157894735
466,CC1CCCCN1,29.493,36.507,49.10414139945286,111.79828549997872,831.1062314326832,36.786139359921755,1.4309637989557444,0.3888888888888889
467,CCC=CCC,29.446,36.554,46.480151999070046,68.21930824649253,674.9290534467917,44.40109838937708,0.2911107779894923,0.5833333333333334
468,C=CC#N,29.351,36.649,53.61788761610396,48.350660230510165,762.485927208878,38.540073370983386,0.9187889440346109,0.1875
469,CCCCCCC1=CC=CC=C1,29.037,36.963,103.25732858724729,230.1126790114426,854.3369533155125,41.97104842690897,1.881809825143777,1.0
470,CCCCC#CC,28.933,37.067,92.27567108104466,101.78685791656758,724.6183951527802,44.24557326858323,0.46560281884377785,0.375
471,CC1CCCC=C1,28.807,37.193,78.36334420918112,93.3379716085589,788.5473409595132,43.205339252005814,0.8167647843109008,0.32
472,CCC(C)CC,28.729,37.271,40.05804261698725,65.96916418796512,663.9288705425485,44.4710342699345,0.3388671499592394,1.0
473,CC(C)CC(C)C,28.672,37.328,51.324144149623066,84.57360401992999,678.5581022913561,44.32403981405596,0.3775474691958749,1.0
474,CCCCCOC(=O)CCCC,28.651,37.349,54.656614862404616,201.95720363640274,860.5191040437007,31.412925355465553,1.7805703439176326,1.0
475,CCC#N,28.566,37.434,41.446477244130975,56.15622246251282,733.7448683180409,39.20437122343661,0.9944294635152515,0.2727272727272727
476,C[C@H]1CCCC[C@H]1C,28.54,37.46,71.36976024876029,126.82000370612883,780.7427453198984,43.52362194400425,0.8386954814186066,1.0
477,CC1CCCCC1C,28.54,37.46,71.36976024876029,126.82000370612883,780.7427453198984,43.52362194400425,0.8386954814186066,1.0
478,CCCCCC(CCC)O,28.483,37.517,51.37870786273035,194.37499211646673,821.6458923163998,37.52959598838663,8.115503746429916,1.0
479,CC1CC(C)CC(C)C1,28.469,37.531,86.29905145526388,139.9620861952589,778.8684895303754,43.63094844491526,0.9463332430425414,1.0
480,CC1CC(CC(C1)C)C,28.469,37.531,86.29905145526388,139.9620861952589,778.8684895303754,43.63094844491526,0.9463332430425414,1.0
481,C1=CC=C(C=C1)C#CC2=CC=CC=C2,28.441,37.559,108.70429372019277,271.9589074404764,997.3133971523004,39.76310835983291,5.09113837423637,0.4
482,CCCCOC(=O)C=CC(=O)OCCCC,28.412,37.588,75.41564192574656,265.37733596248194,985.6157900367746,28.741200890525292,6.025085994327894,1.0
483,CCCCCCCCC=C(C)c1ccccc1,28.367,37.633,107.68959213325755,277.6885428427127,903.1807739953676,41.98278428445523,7.045342599731449,1.0
484,CCCCOC(=O)CCC(=O)OCCCC,28.357,37.643,68.35491942937664,251.91254513591792,963.5227014406428,29.499075460317478,5.624796350026064,1.0
485,CC1CCCC(C1)C,28.32,37.68,68.92237841956123,123.39649832176767,770.6968313089728,43.56327138006796,0.8081319190631582,1.0
486,CC1CCCC(C)C1,28.32,37.68,68.92237841956123,123.39649832176767,770.6968313089728,43.56327138006796,0.8081319190631582,1.0
487,CC1CCCCC1,28.238,37.762,56.602865139865045,99.11038413001738,767.8347946420834,43.55913193817724,0.7204720081616508,1.0
488,CC(=CCCC(=CCCC(=CCO)C)C)C,28.232,37.768,100.46339575242767,224.45395024341755,863.1184185874671,36.84416004865619,8.985084864675965,1.0
489,CCCC,28.216,37.784,27.916201795785973,3.0308896636792553,595.0177256083908,45.284321183741994,0.282799764304268,1.0
490,C1CCC(CC1)C2=CC=CC=C2,28.201,37.799,102.2387397914618,242.6151447901284,926.8271983072273,37.91057314960268,3.9957998308430964,0.2916666666666667
491,CCCCCC#CC,28.015,37.985,102.39322981579801,129.15471433101874,730.5581380498529,44.21107141072345,0.5919230019132126,0.47619047619047616
492,CN1CCCCC1,28.0,38.0,43.6770529711592,104.66868123393581,827.4743004496667,37.15868297327792,0.7497935346956119,0.2727272727272727
493,CCCCCC#C,27.998,38.002,67.22264114876356,98.91806703657149,720.781778274785,44.23664293956089,0.4662952016624964,1.0
494,CN(C)CC=C,27.981,38.019,30.274849968441156,66.32692835064803,762.4194883664168,36.907988019579896,0.34838211753909104,0.3157894736842105
495,CCCCOC=O,27.934,38.066,26.94609226490989,108.22003886630912,894.8245831702285,26.63616840112165,0.6054222936508247,0.45
496,CC1CCC(C(C)C)CC1,27.823,38.177,86.97670741752648,167.6171308976817,800.4412958865379,43.57856438111494,1.4209453728575052,0.5263157894736842
497,CCOC=O,27.804,38.196,11.97772043682921,61.84498947390143,936.0399262035246,19.989316876499352,0.4165490297543635,0.3157894736842105
498,CCCCOC(C)C(=O)OC,27.717,38.283,38.77518379289015,183.70896306762396,957.0426322399225,28.282520338017502,1.929048652218147,0.4827586206896552
499,CC1CCC(CC1)C,27.556,38.444,68.85006105090426,125.15601167706673,768.8139124776256,43.583737645753104,0.7917428027328395,0.6363636363636364
500,CC(C)OC(C)C,27.553,38.447,37.38268316226377,83.47740556378287,751.7004960198874,35.71549796213059,0.4380393593500369,1.0
501,C1=CC=C(C=C1)C#N,27.544,38.456,106.51060715207153,174.20850614672,984.2996804455291,37.248514482549176,4.5320835145986464,0.35294117647058826
502,CC1CCC(C)(C(C)C)C1,27.507,38.493,88.6473774117411,173.00959112172268,800.9590885832963,43.66443343991452,1.8424021014561454,0.5
503,CCC(C)N,27.499,38.501,27.267020015274664,44.580874133077835,726.3229700883866,36.08397589587207,0.3577182045421793,0.5
504,CC(C)C1CC(CC(C1)C(C)C)C(C)C,27.408,38.592,116.10538697528241,231.84205068855488,824.2309596973549,43.614972278199986,6.786727061169906,1.0
505,C1C=CC2C1C3CC2C=C3,27.322,38.678,99.45666798123413,190.95051368446502,876.7863684863904,41.456683426431916,3.6828166464656613,0.17142857142857143
506,CCCCCCC#C,27.277,38.723,78.3564395785032,128.26583957661603,733.1944917736286,44.20083083443461,0.594466167408537,0.9375
507,COCCCO,27.113,38.887,17.232509301053263,136.3805525719679,976.8702221556202,25.06508344965634,3.5413877805520104,0.625
508,CC1=CCCC(=C)C2CC(C2CC1)(C)C,27.062,38.938,116.48154368721413,245.26395985657635,894.4546306395763,41.290933399805034,10.194847845061023,1.0
509,CC(C)CCCC(C)CCO,27.011,38.989,72.22951726018775,210.67396360396359,826.3406575594045,37.55727694389927,10.612209102729418,1.0
510,C1CCOC1,26.994,39.006,21.152885378494286,60.68732605118487,884.1550746225644,31.174000190219605,0.5222960692544454,1.0
511,CC(COC)OC(=O)C,26.927,39.073,26.097126682823575,149.81479157195878,977.9514477382077,24.185827257847983,1.4007965711997452,1.0
512,CC1=CCC(=C(C)CCC=C(C)C)CC1,26.908,39.092,108.53364054972239,236.28317620976264,854.447537656492,41.103127325705366,7.972199971904689,1.0
513,CC1CCCC(C1C)C,26.846,39.154,80.23857552945651,144.38371709489908,793.8689103664773,43.59086799957365,1.0449282642185014,1.0
514,CC1CCCNC1,26.511,39.489,44.010702943269266,108.51826463596402,825.664372478515,36.9542716529226,1.402331352318311,0.42105263157894735
515,C1CCC(=CC1)C2=CC=CC=C2,26.496,39.504,101.48523904811293,255.12653563513297,959.0489105824137,37.86009334233796,4.0366141754257345,0.38095238095238093
516,CC1CCC(C)C(C)C1,26.439,39.561,82.04156415431555,143.71458952981345,782.6750195332626,43.61514955055111,1.0805880926583034,1.0
517,CC1CCC(C(C1)C)C,26.439,39.561,82.04156415431555,143.71458952981345,782.6750195332626,43.61514955055111,1.0805880926583034,1.0
518,CCCCCCCCCCCCCCCCCC,105.568,39.568,118.62176395045498,320.14082380230894,779.220013636408,44.064864689280334,4.219465267047391,1.0
519,CC(C)(C)OC,26.369,39.631,32.176506772139035,60.22163698413313,757.6429319440322,34.85207065321708,0.43363380683526465,0.5454545454545454
520,CCNC=O,26.359,39.641,14.939656051592962,74.62935960400156,861.2070877454557,26.693015569136698,0.5862653288921529,0.3888888888888889
521,COC1=CC=C(C=C1)C=O,26.357,39.643,30.213681833291908,235.26306394567422,1061.8780436818731,27.700074629697404,2.1659903608416875,1.0
522,CCCCCC(=O)OC,26.343,39.657,32.153871767547834,147.52250024663346,878.3705247270769,29.83370266803344,0.907700931907605,1.0
523,CCCCOC(=O)CC(=O)OCCCC,26.334,39.666,65.17573398357668,257.2143497684693,980.2820929634893,28.895587442439872,5.517257350157838,1.0
524,CNCC=C,26.295,39.705,29.345005846872105,51.1102184773918,755.3322032477812,35.93022061222809,0.44282168780169495,0.3157894736842105
525,CCCCCC(CC)O,26.274,39.726,44.07491092284697,179.10080967909525,816.8747216138212,37.14144645392307,8.970963342997779,1.0
526,CCC(C)C(C)CC,26.269,39.731,58.22338190696342,117.36573834685592,713.6419606658875,44.296703791427134,0.5135370832533799,1.0
527,CN(C)C=O,26.186,39.814,14.759209746998021,68.37633982191477,891.6147830315011,25.264955213639336,0.4251792187600171,0.2857142857142857
528,CC(=CCC=C(C)C=C)C,26.174,39.826,87.02360460164367,156.45186364150464,787.3774895513349,41.845469636267374,1.1162068468053281,1.0
529,C=CC(C)=CCC=C(C)C,26.174,39.826,87.02360460164367,156.45186364150464,787.3774895513349,41.845469636267374,1.1162068468053281,1.0
530,CC1CCC(C(C1)OC(=O)C)C(C)C,26.164,39.836,93.96092344227382,223.74967404747036,911.478423735362,30.30467668080101,5.151766281654743,1.0
531,CCOC(=O)C(C)(OCC)OCC,26.145,39.855,43.944702496420106,219.4102987632472,1003.0218861879235,25.00274485624544,3.7961101047799715,0.43478260869565216
532,CC(=C)C1CCC2(OC(C1)OO2)C,26.123,39.877,87.53916670609183,217.40645107306437,950.6294403773992,30.32690561700748,5.6019696125274825,0.2619047619047619
533,CC1CCCC(C1)(C)C,26.05,39.95,69.88853360355637,140.04760133131666,789.7901237590894,43.5655044822147,1.2340313906835798,1.0
534,C1CCC2=CC=CC=C2C1,26.041,39.959,98.39910218869481,205.7888551860603,946.3528804271294,36.118226062980696,2.263979112659352,1.0
535,CCC(=CC)C,26.014,39.986,54.72228720862222,69.64415277195658,696.6366737162714,44.337599013546985,0.2782862086129015,0.375
536,C1CCCC=CCC1,25.904,40.096,79.1446567560423,132.23494261939942,832.7217116575441,43.11732256294293,1.026376141214901,0.8888888888888888
537,COC1=C(C(=CC=C1)OC)O,25.892,40.108,38.608139900991084,240.42037548491263,1115.9681490884955,25.933608494231702,8.9535364700433,1.0
538,CCCCC(=O)C,25.879,40.121,26.86813777219512,127.11536968886983,821.7226138840446,34.86806927078733,0.6078326149853717,0.8235294117647058
539,CCC1CO1,25.877,40.123,21.486070282034866,59.478110454320685,867.9173863331596,31.669675396308467,0.4130267820647889,0.47619047619047616
540,CC(C)CN,25.772,40.228,29.704229684785798,42.92577382683669,729.7775894893321,36.347157852509646,0.3520143422567368,0.4166666666666667
541,CCCC=C,25.747,40.253,39.164373746972146,35.55718392042501,646.4597256926276,44.57878370674526,0.239628280656297,1.0
542,C1CC2C3CCC(C3)C2C1,25.722,40.278,102.97277521886555,190.51693566131507,816.7605051644118,43.44826811376304,5.183319483035606,1.0
543,CC1CCOC(C1)C=C(C)C,25.689,40.311,89.27228877253437,195.92848053504082,880.811087825565,33.667351473612854,2.488667257845707,1.0
544,COC1=CC=CC(=C1OC)O,25.678,40.322,39.91565533198382,238.62900830064754,1115.4738277022927,25.964135391052455,9.049679612330971,0.625
545,CCC=CCC=CCC=CCC=CCC=CCC=CCCC(=O)OC,25.65,40.35,140.59143709298795,287.1111658565898,911.848252520049,32.24947464511505,9.953674700041091,1.0
546,CCC=C(C)C,25.63,40.37,53.85536007820435,67.0242556013793,690.0895330310454,44.21792867065045,0.2970019135652061,1.0
547,CCC(C)(C)OC,25.597,40.403,38.3947019969996,88.02495541529126,755.6004436101831,36.18154955381254,0.5226660351851834,0.45
548,CC(C)(C)C1CCCCC1,25.578,40.422,100.14929114423597,170.0942223449991,818.1572205415669,43.505364824930595,1.4954102612806621,1.0
549,CC1CCC2CC1C2(C)C,25.552,40.448,94.4070490133135,178.2753444745497,804.4372819804832,43.51637843218956,3.1791883831954726,0.3225806451612903
550,CC1CCCC(C)(C)CC1,25.528,40.472,87.39453642103054,168.6532686243925,801.4742498278617,43.53459923562541,1.5153691815511403,0.6363636363636364
551,CCCCCCCCCCCCCCCCCCCC,106.557,40.557,133.5097004190513,345.62648484127004,780.03131874492,44.06189827488913,5.217206878559666,1.0
552,CCCCCCCCCCCCCCCCCCC,106.572,40.572,126.41555856103403,329.85988102453126,779.5995840961784,44.06189827488913,4.793244340526945,1.0
553,C1CCC=CCC1,25.375,40.625,77.54368322378966,108.59099804280855,821.3866480755365,43.11871246633297,0.7869109245299207,0.8888888888888888
554,CCCCCC(=O)OCC,25.37,40.63,37.09956023346535,169.97724101541056,866.9893081837629,30.362087551485043,1.1945790370719171,1.0
555,C1CC=CCCC=C1,25.327,40.673,90.33716275526142,133.472838381899,845.2924617412689,42.29399388240396,0.9450720431096998,1.0
556,CCCCCC(C)O,25.29,40.71,39.23873113122702,161.27456833160633,814.8480304088924,36.758007482114664,7.91998830207434,1.0
557,CC(CCC=C(C)C)C=C,25.288,40.712,77.6686310132383,158.52534198475806,734.968985278002,42.17359908664801,1.161032067002892,0.5
558,CCC1CCC(C1)C,25.257,40.743,73.0036869477166,127.25438536736401,766.086989069879,43.649742386778236,0.8102454827525195,1.0
559,CC1C2C3CC(C2C=C1C)C=C3,25.249,40.751,99.04504216509102,228.02588738594548,907.1093678482638,41.144588875235186,7.8394190047342125,0.21052631578947367
560,CC1CCC(C1)C,25.192,40.808,64.50771943424873,95.13415148219758,746.8812507983437,43.6770589100831,0.6499986201791987,1.0
561,COc1cc(C)cc(OC)c1O,25.143,40.857,48.51025208129241,232.52612764165886,1075.938772694365,26.910339198883346,9.776004256662135,1.0
562,CC1=CC(=C(C(=C1)OC)O)OC,25.143,40.857,48.51025208129241,232.52612764165886,1075.938772694365,26.910339198883346,9.776004256662135,1.0
563,CCC(C)C=O,25.139,40.861,25.03503492129385,90.15225369115804,817.590533222795,33.65119085414528,0.5517670516075314,0.4375
564,C1CCC2=NCCCN2CC1,25.069,40.931,71.997748661378,223.90089645820603,922.6811994350933,34.65737246423975,2.8337813069456086,0.23076923076923078
565,CCC(CC)C=O,24.956,41.044,28.95272362864995,118.18200043725885,820.1182083503786,34.79344688081359,0.6198082270852229,0.375
566,CC(C)(C)C1CCCC2C1CCCC2,24.934,41.066,129.50363234772652,234.4180185924268,864.435674080306,42.98554213174277,7.548266636438606,1.0
567,CC(=O)OCC1CCCO1,24.925,41.075,35.647608025342436,189.46640557240343,1013.0750263625206,24.708298967347258,1.908506091043755,1.0
568,CCCCOCCCC,107.125,41.125,38.29962969853543,147.06694551294922,753.1123488687489,37.231421159633896,0.7430327370102626,1.0
569,CC1CCC(O1)C,24.843,41.157,50.19227927733337,104.10392807329937,869.6847640258853,33.28468052964534,0.7278553487002928,0.3684210526315789
570,CC1CCC2C(C1)C2(C)C,24.819,41.181,94.12980960792892,181.0907209304574,794.8263778243097,43.55436130839803,2.6947265579775617,0.47368421052631576
571,CCC(C)C,24.792,41.208,35.07281984663656,32.40397690522116,628.0810247884256,44.661677595815284,0.2721531301282332,1.0
572,CCC(C)CC=C,24.776,41.224,55.34177208014287,87.90642026768349,698.2771698372948,44.3136285566197,0.434730719681045,0.47058823529411764
573,C1=CC=C(C=C1)[N+](=O)[O-],24.773,41.227,70.03073455826002,210.27276410535623,1024.108395730129,31.424427480072257,4.572406651060792,0.3157894736842105
574,CCCCC(CCC)O,24.681,41.319,44.30226520011423,177.58493468173873,819.8099051098823,36.98937466112282,8.330420289360902,0.8333333333333334
575,CCCCCOC(=O)C,24.663,41.337,40.76941840517258,147.74733777349292,872.9974655985144,30.045765505519125,0.882084271119686,1.0
576,CC1(OCC(O1)CO)C,24.642,41.358,33.93773684442277,185.210152727029,1023.6115975359849,25.416770419539265,7.812785887675957,0.3
577,CC1CCCO1,24.538,41.462,38.195380151216675,79.50801927730704,872.5682201154846,31.75478773782003,0.6227971315642665,1.0
578,CC(C)CC=O,24.51,41.49,27.24571334291772,89.20758501183388,818.696360691745,33.593083551430105,0.5338879769150692,0.375
579,CC(C)C12CCC(O1)(CC2)C,24.401,41.599,90.40629636389855,207.3477161750308,883.6800007041843,34.20541662436405,3.3586459415089296,0.3333333333333333
580,CC1=CCC2C(C1)C2(C)C,24.318,41.682,90.48594800321938,195.11016996395293,891.1950581499059,41.81783311526151,2.3915420933538587,1.0
581,CCCCC(CC)CO,24.297,41.703,49.63174868684581,184.3459748065069,823.3011835786833,37.192835707342,9.868005878411942,1.0
582,CCCCCCCCc1cccc(C)c1C,24.279,41.721,110.13153115052984,270.43307837196784,891.7692984570434,42.25874152986791,10.510188212689487,1.0
583,CCCC(=O)CCC,24.209,41.791,31.888011431631742,143.27240449823785,817.9887175699744,35.64933426719703,0.6800591111653013,1.0
584,CC1=CCCCC1,24.176,41.824,75.22598096224951,106.03886776266656,810.2192883548057,42.8792590410673,1.0106921495479237,0.3142857142857143
585,CC1CCCC1,24.098,41.902,53.082249267961934,72.62653463723727,745.2791034752977,43.881229637912014,0.5950728190906851,1.0
586,CC(C)CCOC=O,24.08,41.92,35.44103060511727,121.43330426078535,882.6551701677222,27.57555694888501,0.6882723279414039,0.47619047619047616
587,C1CCNCC1,24.035,41.965,35.887299656678884,90.90958290548333,834.1221149339259,36.63467861104384,1.162417155777731,0.3333333333333333
588,CC(CCO)CCC=C(C)C,24.02,41.98,71.74685140257559,203.5430098331413,837.7478911022671,36.73074461929616,10.17460835561929,1.0
589,CC(CCC=C(C)C)CCO,24.02,41.98,71.74685140257559,203.5430098331413,837.7478911022671,36.73074461929616,10.17460835561929,1.0
590,CCCOC=O,24.0,42.0,19.55956684783355,81.30451985017824,910.7832765538647,23.337736003511935,0.5293309169761307,0.35
591,CC(C)(C)C1=CCCCC1,23.993,42.007,83.3082810499527,180.1201601852255,825.4587395438314,42.78280846234135,1.7831151281917004,0.23076923076923078
592,CC1(C2CCC(O1)(CC2)C)C,23.967,42.033,92.42564384543392,206.54631829996887,887.1430902825704,33.819221511435444,5.228054543915332,1.0
593,CC1=CCC2CC1C2(C)C,23.946,42.054,91.22790322422557,194.45874567235208,892.9004032143932,41.670775620458194,2.758927539851714,1.0
594,CC(C)NC(C)C,23.887,42.113,43.403607526302565,102.32537419200705,743.6159374369058,37.98668258472921,0.8988519365757596,0.25
595,CC(=CCCC(=CCCC(C)(C=C)O)C)C,23.702,42.298,105.71788261350733,218.54008643947256,858.2989349902567,36.628178504913784,10.540291615603087,1.0
596,CCCCC(=O)OCCCC,23.583,42.417,47.075913302635044,188.76327922256732,862.8247210000602,31.032631262109305,1.2905793162271264,1.0
597,CC1CCC2(C(C)C)CC12,23.447,42.553,91.31885972373263,182.86288239798532,800.8079170755716,43.57817776004993,3.018767631425906,0.27586206896551724
598,CCC=CC,23.202,42.798,40.62661150447231,38.111651161106565,655.7764339504187,44.53294958360249,0.20655035149802312,1.0
599,CC(C)NC,23.13,42.87,27.821135547297555,51.54605418391762,725.718281916717,36.937536637218926,0.6265731315992997,0.3333333333333333
600,CCC(C)C(C)C,23.116,42.884,51.86911066669344,89.02397918672081,688.8899056838874,44.33979673634285,0.4123113702585846,1.0
601,CC(=CCCC(=C)C=C)C,23.115,42.885,81.54063489195589,157.2001286923585,744.144826961321,41.72086338760038,1.1011928113977334,0.5
602,COC1=C(C=C(C=C1)O)OC,23.057,42.943,47.872808811642514,235.21223833710255,1102.309459941386,25.46686029479831,8.724273075587265,0.45454545454545453
603,CC(C)C=O,22.993,43.007,22.15252347008567,69.55369526979504,816.2828930063152,31.68394394292419,0.418817244041139,1.0
604,CCC(=C)CC,22.912,43.088,45.86683605803161,67.3973649914153,687.0530159206106,44.34802060108816,0.3187798459893366,0.5384615384615384
605,CC(C)C=CC=C(C)C=C,22.871,43.129,79.5108146189475,155.19925779565284,742.1077066219198,41.604231199522076,1.1294348225147712,1.0
606,C1=CC2=C3C(=C1)C=CC4=CC=CC(=C43)C=C2,22.793,43.207,105.74401492167745,320.1629163492068,1021.3967176003707,38.013763504091,23.828294158912204,0.46153846153846156
607,CC(CCC=C(C)C)CC=O,22.792,43.208,69.33253346872927,182.19265240738915,846.3884942344658,36.40864891742594,1.5405484248196404,0.5714285714285714
608,CC(=O)C(OC)OC,22.726,43.274,16.50136282147533,133.94677960590474,1039.756871724295,23.268993448546226,1.1706337186532094,0.4117647058823529
609,C1CC=COC1,22.652,43.348,60.25352197197231,81.1268302666019,903.2993288892874,31.43760899120254,0.676707887477715,1.0
610,CC(C)COC=O,22.608,43.392,28.70798567436277,99.56766193518445,883.6151216295946,26.28311623064107,0.6181419205403237,0.42105263157894735
611,CCCCCCCCC1CCCc2ccccc12,22.524,43.476,121.13689648429511,301.0758661760463,933.5099737806004,38.927970835370616,17.223433159535432,1.0
612,CCCC(C)(C)C,22.449,43.551,50.71378806090388,84.15262271069582,680.7330872569715,44.298916775908275,0.4578963588603149,1.0
613,CCCC(CCC)CO,22.408,43.592,51.16883052673326,181.20583407476997,825.4953178037617,36.95322711790709,9.395952930015595,0.5238095238095238
614,C1CCNC1,22.407,43.593,29.617812455586552,66.14442513577623,828.0094864734765,35.91463751667338,0.8772548319154291,0.2222222222222222
615,CC(=CCCC(=CC=O)C)C,22.385,43.615,65.55739251902304,187.37756448751446,858.4689328353571,35.520927040461274,1.6672509977560213,0.5384615384615384
616,C=CCN,22.299,43.701,29.3671658115598,19.894506564062894,750.9320767353717,33.196951579508394,0.34527535691551653,0.3333333333333333
617,CC(C)C12CCC(=C)C1C2,22.273,43.727,90.53680906598565,196.3628555736672,857.8171904707533,42.08470762042646,2.409518749274144,0.3235294117647059
618,C1CNC1,22.27,43.73,25.343361554800705,30.929878968206843,826.8549479268257,35.44706679438887,0.9035432187341337,0.2857142857142857
619,CC1CC(C(C1)C)C,22.237,43.763,77.64381319810744,120.89445597240673,755.3930874354663,43.658754895990626,0.845274774798886,1.0
620,C1C2=CC=CC3=C2C4=C(C=CC=C41)C=C3,22.148,43.852,105.70122170147299,311.37921309523824,1001.6024489384591,36.81140241245297,18.600435676907203,0.3157894736842105
621,COCCO,21.989,44.011,13.95194641169106,136.95338497445425,990.8517808823136,22.25322730074662,3.5874747032849794,1.0
622,CC(C)CCOC(=O)C,21.967,44.033,42.208835742259296,138.24649460564115,869.6651219608993,29.2358675889138,0.8620911497964867,1.0
623,CC1(C2CCC(=C)C1C2)C,21.853,44.147,91.43326042618881,193.41843474291449,862.1880909265676,41.90737321335242,3.391613143122139,1.0
624,CCOC(=O)CCC(=O)OCC,21.851,44.149,41.68504143102048,204.99444199072488,1032.6231325639123,22.88725792206677,3.2325568633293074,1.0
625,CC(C)O[N+](=O)[O-],21.818,44.182,30.914589385691432,124.86257512402696,910.5725895637642,25.731817432493777,2.190364200258348,0.2777777777777778
626,CC1=CCC(=CC1)C(C)C,21.753,44.247,87.75827888946044,182.53006094289097,832.8351096267927,42.19248622228686,1.7669145271701954,1.0
627,CCCOC(=O)C,21.737,44.263,23.253028035732488,101.55317746034707,887.4075912101965,25.725143300734484,0.6351716340153833,0.6666666666666666
628,CCCCCO,21.732,44.268,27.00306139341198,131.62295588286196,812.4403392579298,34.86244252608831,4.158307198448065,1.0
629,CC(C)OC=O,21.586,44.414,20.690426561326166,77.57517641184772,895.8018747501833,23.901644626652388,0.5603695601013022,0.375
630,CCC(CC)C(C)C,21.586,44.414,58.81331148989936,115.55722294873749,712.1599746696246,44.28059558944337,0.4982744857173735,1.0
631,C1CC(OC1)CO,21.542,44.458,28.797635727864517,170.52020122387316,1046.3819299542024,25.843710097213663,8.249485244600201,1.0
632,C1CC2=NCCCN2C1,21.487,44.513,49.85848287949533,184.19394482833283,921.9128676970588,33.92485011158296,1.967105000209872,0.16
633,CCCCC(CC)O,21.469,44.531,38.56627433951338,161.36399888753917,817.1084504851561,36.322830448022316,7.794276156698499,0.8333333333333334
634,CCOCC,110.562,44.562,17.099596060805627,42.757073739442035,746.0072903998964,33.279954677327396,0.26975630508822585,1.0
635,C1CNCC=C1,21.425,44.575,57.87864803617657,88.67940021874341,854.5019797289518,36.33334728783081,1.049298779002907,0.35714285714285715
636,CCC(C)(CCCC(C)C)O,21.391,44.609,67.87365164702312,195.9268232711375,822.2018317863865,37.04194032283615,8.35161837791962,1.0
637,CC1(CCCCC1)C,21.319,44.681,69.09033066354303,121.50775917512595,783.2962972523566,43.518490138679056,0.8649423809737676,1.0
638,C1C2=CC=CC=C2CC3=CC=CC=C31,21.243,44.757,100.18245705611608,288.82620904761944,984.4759012326829,36.450163662821154,9.530220195338623,0.5
639,CCOC(=O)CCCCC(=O)OCC,21.24,44.76,51.00201076619351,236.41686699359633,988.7928625457679,24.963302708885603,4.722921029129913,1.0
640,CCC(C)C=C,21.177,44.823,46.73738760303399,62.89514905224362,673.6984510665118,44.36621273716916,0.3414843897744019,0.375
641,CCC(CC)(CC)CC,21.137,44.863,70.6560481224715,141.7562248895852,742.3286405828555,44.2320185874035,0.7471038596946163,1.0
642,CCCC(CCC)O,21.123,44.877,38.90754551985836,161.17600671477817,818.479401381432,36.46944340272026,8.637777701784792,1.0
643,C1CCCCCCC1,21.094,44.906,56.01083624514814,135.42207941577982,819.6018150562461,43.676546019361396,1.1889816589024251,1.0
644,CCCCCCCCC1=CC2=CC=CC=C2C=C1,21.043,44.957,113.30272353778399,299.3547227777782,981.8532717388612,40.343652242899374,12.076529895548342,1.0
645,COC1=CC(=CC(=C1)O)OC,21.042,44.958,46.99711195264547,234.29215049863393,1087.6285164704009,24.893368703039606,8.380617283361792,0.36363636363636365
646,CCCCOC(=O)C,20.965,45.035,34.34935566142247,125.3854650301228,877.4488560271714,28.243899754598637,0.7047822397867909,0.85
647,C1CCC=CC1,20.933,45.067,69.54636193727535,79.30987947590984,804.6955666118486,43.13279311883452,0.6912770917159627,1.0
648,CC(C)CCCO,20.887,45.113,37.09761369357112,150.9073547111321,814.518466806181,35.898904118398725,6.478546544904723,0.625
649,COC1=CC=CC=C1O,20.864,45.136,45.690824719506054,210.33142927910058,1117.1787497238179,27.273808685220768,8.657397730063666,1.0
650,CC(C)(C)OC=O,20.821,45.179,31.697722530231548,91.8709654426332,882.3116055443545,26.009910356002223,0.6602485135210783,0.25
651,C1C2=CC=CC=C2C3=CC=CC=C31,20.758,45.242,102.73359723713233,287.93060849206375,1003.0659912398849,36.60292055064638,7.597056078678163,0.42105263157894735
652,C1CC2=CC=CC=C2CC3=CC=CC=C31,20.604,45.396,102.63331556582492,293.1696214285717,978.1964469167135,36.50866725012274,11.77926774315182,0.5882352941176471
653,CC(C)CCC(C)O,20.513,45.487,44.9985434952546,152.4523745725991,813.735251500473,36.311424292241064,8.330018711866108,0.6153846153846154
654,CC(=CC=C(C)C)C,20.419,45.581,89.04812569883703,118.29229181212756,740.6380200347124,41.93921230161323,0.5983975517410436,1.0
655,CC(C)=CC=C(C)C,20.419,45.581,89.04812569883703,118.29229181212756,740.6380200347124,41.93921230161323,0.5983975517410436,1.0
656,C1CC1C2=CC=CC=C2,20.385,45.615,105.22156101028433,176.5537177678057,937.1465848255731,38.002850970852215,2.0871410742078873,0.3333333333333333
657,CCC(=C)C,20.356,45.644,41.29741612699078,35.96114081222174,662.5015991350208,44.37912908901034,0.24395921159522352,1.0
658,CCCOCCC,111.669,45.669,28.768805954724616,93.9012639666979,749.2506459656896,36.18235221841967,0.4188169963693623,0.5714285714285714
659,CCCOC(=O)OCCC,20.3,45.7,34.724181974506614,175.66259525866212,966.0540182977826,28.323720431695474,1.6066913004621535,0.5217391304347826
660,C1CC2=CC=CC=C2C3=CC=CC=C31,20.212,45.788,101.75590797930685,290.6001857936512,991.2578705918794,36.478603032707426,11.506737602006456,0.5
661,CCCCCCCCC(C)(C)c1ccc2ccccc2c1,20.146,45.854,121.7507863773846,325.7508206349207,978.7995703458101,40.20730232874406,23.979265226801505,1.0
662,C1=CC=C2C(=C1)C3=CC=CC4=C3C2=CC=C4,20.143,45.857,106.47882546038473,311.8083192857144,1024.0758540340983,36.8749697990509,24.327661707074437,0.4375
663,CC(C)(C)ON=O,20.136,45.864,32.4039078960252,98.7410252401895,812.5670167538929,33.46838226001789,1.095038529589024,0.25
664,CC(=CCCC(=CCO)C)C,20.122,45.878,75.12671849893665,214.01673497260512,854.3344474681999,36.06472890174511,9.41296575987404,1.0
665,COC1=CC=CC(=C1)O,20.117,45.883,56.72366635081969,208.1525089190717,1097.025100664877,27.46856588290379,8.485677902308808,0.4782608695652174
666,C1CC2=CC=CC3=C2C1=CC=C3,20.061,45.939,101.98893049971956,272.80471117063524,989.0241619288036,36.902242804007464,6.659604774097552,0.38095238095238093
667,CCC(C)CC(=O)CC,20.017,45.983,43.029252077708776,155.90655950611836,816.2540449068786,36.66544581528754,0.9015066819475417,0.47368421052631576
668,CC(C)CCC(C)(C)C,19.95,46.05,67.20885925761736,130.43008284941672,710.0077612318265,44.23385614091152,0.6674377013044797,1.0
669,C1COC=C1,19.911,46.089,53.690299929500675,56.02821750374003,905.2911752454295,30.60404047272246,0.4550781643806938,1.0
670,C1C2=CC=CC=C2C=C1C3=CC=CC=C3,19.853,46.147,103.08724482368174,297.7036011111113,1000.2981637843395,37.193042553878286,10.062693150110844,0.34782608695652173
671,C1CC2=CC=CC=C2C=C1,19.825,46.175,102.53346952411965,202.18042869479555,972.9144006269935,37.11753526137384,2.510715700929773,0.375
672,CC(C)CC=C,19.824,46.176,49.43588169398372,59.648454993302806,672.3335505619809,44.34834629781803,0.3187966318615301,0.3157894736842105
673,CCCCC(=O)OCCC,19.819,46.181,39.31384130469068,169.56652430727962,868.0786197639652,30.384515232572426,1.0253231981175912,1.0
674,C1CCCCCC1,19.649,46.351,49.87495431611515,111.63033283723148,804.5478948096007,43.76702114803335,0.8518581079763187,1.0
675,C1CC=CC1,19.497,46.503,76.11705003390638,49.79733920209541,783.1180217826086,43.360098342607046,0.44864909324132063,1.0
676,CCC1=CC(=C(C=C1)O)OC,19.487,46.513,103.08157269191148,211.29911146233982,1052.5994314984407,29.27390175326162,8.317590904955383,1.0
677,CCC(C)CCO,19.47,46.53,36.44382887960564,151.13589752600416,819.2990315163801,35.85698479635902,5.9972295768652115,0.5555555555555556
678,CC1CCC(C(=O)C1)C(C)C,19.465,46.535,86.77731365676348,208.18119098224616,918.7115849419073,35.79519427817259,2.527911570053848,1.0
679,CC1=CC[C@@H](CC1)C(=C)C,19.458,46.542,87.00733724794904,183.21148398523442,828.3747038008235,42.26858314544489,2.3394570504936705,1.0
680,CC1=CCC(CC1)C(=C)C,19.458,46.542,87.00733724794904,183.21148398523442,828.3747038008235,42.26858314544489,2.3394570504936705,1.0
681,CCCCCCC(CC)(CC)c1ccc2ccccc2c1,19.422,46.578,122.43461213006486,319.85955436507936,973.5233845850393,40.172717041229745,25.534725695655727,1.0
682,CC1CCC(C1)(C)C,19.409,46.591,65.88936554969914,116.1748744004952,754.4880219988321,43.61855063298797,0.9277423391858477,1.0
683,CC(=C)CCC=C,19.368,46.632,68.8866481812947,91.15260607975999,725.2550944244632,41.438637843969886,0.38367470744483334,0.4
684,CC(=O)OC,19.305,46.695,12.169460896346529,72.54264363979243,989.3629867971606,19.316340566953023,0.42120188925200763,1.0
685,CCCC1=CC(=C(C=C1)O)OC,19.256,46.744,121.51164675598609,193.53267129314082,1030.0817506653636,30.060320654782352,8.865308745161032,1.0
686,COC1=CC=C(C=C1)O,19.163,46.837,57.866381940157005,207.43235124879746,1099.6937941181861,26.92905547050309,9.422855182434308,0.55
687,CCCCOC(=O)CCC,19.163,46.837,44.76380989603901,168.92144889288627,869.4460640993827,30.546013857490596,1.0782894287294724,1.0
688,CCCC(C)CO,19.138,46.862,35.763338743450916,153.1036509100428,819.1206834275772,35.85950848436961,6.71293458981878,0.625
689,CCC(COC)O,19.124,46.876,20.891237963324574,151.46900439427102,924.845352550018,28.269923857120506,4.8568183481862635,0.5
690,CC(C)(C)N,19.054,46.946,32.997630406773645,34.8219574300564,723.652445328542,35.77367034633918,0.40291397762486136,0.3333333333333333
691,CCCC(=O)CC,19.035,46.965,26.38614199908714,123.42092192234688,818.5285214993837,34.73942699506131,0.6176278153929231,0.7333333333333333
692,CC1=CC(=C(C=C1)O)OC,19.024,46.976,68.62909449511461,217.74025248942772,1077.54666888434,28.38190467973829,9.198323422581014,1.0
693,CCC(C)OC(=O)C,19.004,46.996,33.22949094636067,114.78877406956448,873.1348167010751,28.18805054584504,0.7241800886561883,0.5833333333333334
694,CC1=CCCC1,18.947,47.053,84.49032435699547,79.16046207059044,793.5280698810308,42.8492198868317,0.8406201521038357,0.3235294117647059
695,CC(C)(C)CCN,18.916,47.084,47.332944997095,88.91910212474605,753.1917877907745,37.84389032507722,0.5421066216361798,0.4375
696,CC(C)CC(=O)CC(C)C,18.91,47.09,56.36026205851495,160.73871243871838,808.8704738643677,37.021865953461585,1.0663454669191925,0.5882352941176471
697,CCOC(=O)C,18.905,47.095,14.380098611711587,83.0263418614813,908.7726541136008,23.38234831931949,0.6429211439113671,0.5882352941176471
698,CC(C)COC(=O)C,18.891,47.109,33.79524292993916,115.69752261643028,871.8993481052975,27.972144596467242,0.7042982279054598,0.5652173913043478
699,CC(C)OC(=O)C,18.863,47.137,24.958207411347757,96.42950437720044,881.9551847555146,26.115387568957956,0.610102803136445,0.4782608695652174
700,CC1=CCC=CC1,18.601,47.399,86.42671508088853,108.53782367635043,826.5550880233905,41.82913284336638,0.9452362861066885,0.34615384615384615
701,CCC(C)(C)C,18.55,47.45,46.364921608600866,56.11519776795389,653.3695000796592,44.41176064588255,0.39354924386067974,1.0
702,CC(CC=O)CC(C)(C)C,18.548,47.452,60.76954106657605,159.5425763051686,821.2656156248976,36.75200510483786,1.1971353185116549,0.5789473684210527
703,CCOC(=O)OCC,18.54,47.46,18.508616042603432,131.0430812185214,995.1747030482771,25.07113156833429,0.9609082814162403,0.625
704,CCOC(=O)C(=O)OCC,18.491,47.509,36.02273609310926,185.1860251445293,1063.384207870038,19.933591959748806,2.2713998751219115,1.0
705,C1C=CC2=CC=CC=C21,18.489,47.511,103.82322256483464,183.26947079676222,986.6285236657936,37.232637109996325,1.9260314579548006,0.34782608695652173
706,CCOCC1=CC=CO1,18.291,47.709,52.67186679783805,176.51918538341909,980.4355401870574,29.578968868616208,1.5180441037986856,1.0
707,CCCC(=O)C(C)C,18.231,47.769,35.00007365388686,135.58764598285975,820.5792093165513,35.54691082999957,0.7247107034255651,0.7
708,C1C=CCO1,18.21,47.79,52.425474979779786,56.93222910278526,893.6863648890749,30.29277303712011,0.46566222663676704,1.0
709,CCCC(CC)O,18.125,47.875,34.304842757834784,149.06449913567872,815.0738943317652,35.50352658947506,6.196072384927498,0.7333333333333333
710,CCCCC(C)O,18.069,47.931,34.31923622780995,149.00747295093353,812.9289960545088,35.60718656289818,5.710767503055258,0.8235294117647058
711,C1=CNC=C1,18.062,47.938,69.0341909323363,50.22520332166228,858.8569881483993,33.95723536847709,0.4817558977669374,0.2222222222222222
712,CC(=C(C)C)C,17.977,48.023,63.928585683595486,64.65430880210594,696.8371953210424,44.31141745452001,0.3779455731807937,0.3333333333333333
713,CC1CC1(C)C,17.935,48.065,54.4080650676625,64.40551511535608,749.081585603071,43.98420376282265,0.6097048069772448,1.0
714,C1=CC=C2C=CC=CC2=C1,17.879,48.121,106.4450866134693,224.05210545598825,1030.3150880961418,38.40327989492309,3.045805046534951,1.0
715,CC(C)CC(C)(C)C,17.766,48.234,63.40859213984761,107.22747171175139,701.0262280733784,44.25289938762249,0.5197035407592376,1.0
716,OCCO,17.638,48.362,10.324722345341574,146.3857828812919,1098.6017085231344,20.48685373977664,13.412776928800122,0.4444444444444444
717,C(CO)O,17.638,48.362,10.324722345341574,146.3857828812919,1098.6017085231344,20.48685373977664,13.412776928800122,0.4444444444444444
718,CC1=CCC(CC1=O)C(=C)C,17.559,48.441,79.34621217851902,206.46083483885334,942.198809837602,34.675224094496166,2.687671225690773,0.47058823529411764
719,C1CC=CC=C1,17.553,48.447,96.71158142348209,80.2631271408839,838.4688549516384,42.11265020426543,0.6364233579412875,0.5555555555555556
720,CCCCOC(=O)CC,17.525,48.475,39.845594655353565,145.95441736237183,875.6941982032998,29.8692231502581,0.8960826651464618,0.7272727272727273
721,CCCC(CO)O,17.438,48.562,27.2534875987348,160.93308530198917,964.7482729424158,27.937155158805357,13.142377309005196,0.6875
722,CC1(O)CCCO1,17.413,48.587,30.838904395441443,155.225234265735,984.7680067572815,26.97056624806143,6.368002414801488,1.0
723,CCCCNC1=CC=CC=C1,17.378,48.622,109.5601305832172,205.5015318015927,939.6737530612916,37.119221096484814,2.5704919655614935,0.4444444444444444
724,CC(C)C(C(C)C)O,17.348,48.652,44.110075696738456,144.196112770839,809.1789554749075,35.51152986351667,7.36531325060118,0.35714285714285715
725,CCOC(=O)CC(=O)OCC,17.34,48.66,36.252258730124304,193.62233107261846,1059.2403637040543,21.723448018703976,2.4105906741733314,1.0
726,CC(C)CC(C)O,17.285,48.715,40.82427507615499,138.9643266174376,807.9052089687858,35.76419393178458,7.098182710574479,0.5384615384615384
727,CCCCC(=O)OCC,17.097,48.903,33.03061571465771,145.4290666221207,870.9954228826646,29.666480855742652,0.8785929797976603,1.0
728,C1CCCC(=O)CC1,17.09,48.91,46.474176492545965,167.30394403961037,942.1500231878255,33.82364431206367,1.4835474913909104,1.0
729,CC=C(C)C,17.088,48.912,46.10824558567266,37.25389013864418,664.2340042033774,44.33231346937933,0.20790343075437112,0.5
730,CC1=CC(=C(C=C1)O)O,17.057,48.943,63.644993908642874,204.98046570556295,1069.4667886649727,27.158873028705685,9.850608950530075,0.5416666666666666
731,CC(COC)O,17.016,48.984,16.720021757671503,133.10434527912352,938.9015748015877,25.47860833091034,3.129929660616472,1.0
732,CC(C)CCO,16.947,49.053,32.445982188824125,126.79685731301383,807.8227405497787,34.884480493240886,4.776950592562683,1.0
733,C1CCC(CC1)O,16.867,49.133,43.90373681760759,155.44176422536123,934.1813079282592,33.454725181166005,9.420801424684315,1.0
734,C1=CC=C(C=C1)O,16.863,49.137,78.41523453293962,156.7249208319968,1040.6500787056546,31.919854528225947,6.377087034255327,0.42857142857142855
735,CCCC(=O)OC(C)C,16.807,49.193,37.91984081971829,135.1281902956578,872.3101031350163,29.227470708783365,0.8719414065523085,0.68
736,COC(=O)CC(=O)OC,16.79,49.21,31.792899758184074,171.16504982519209,1135.537018986373,17.536067497850183,1.9086396267836288,1.0
737,CC(=O)OC(C)(C)C,16.714,49.286,35.205263495935306,109.54884572637599,876.2552270225577,27.541015495362327,0.8357360142392505,0.4117647058823529
738,COC(=O)OC,16.627,49.373,11.814194286328764,93.3589657333169,1099.3226335660597,20.606230187375232,0.7181564145392665,1.0
739,CCCC(=O)C,16.526,49.474,22.637578888718608,104.80286726988132,819.805348854867,33.464008467204394,0.5558115279657803,1.0
740,CCC(=O)OCC(C)C,16.498,49.502,40.481823683067994,135.94441177069874,873.7253710334626,29.48478936388927,0.8920789017463451,0.5714285714285714
741,C1C=CCC=C1,16.427,49.573,97.11406706266388,80.3586113148977,836.0524072001058,42.12435683875004,0.6107121845565078,0.3333333333333333
742,CC(C)C(C)C,16.424,49.576,46.29900388159484,59.302797924196526,654.3415578619517,44.46535818036236,0.360362995623259,0.5
743,C1CCCCC1,16.385,49.615,46.392107781886644,80.77293694869489,773.6891014361679,43.8746392619513,0.8268882166904037,1.0
744,CC(=O)N(C)C,16.338,49.662,17.3361356941485,91.25182324540715,868.6560484912604,25.860720191815805,0.6017386480230769,0.3333333333333333
745,CC(C)C(C)C(C)C,16.322,49.678,63.23558819718358,113.09898387990496,713.3461064811776,44.28921072917502,0.5839892651691879,1.0
746,C1CC2=CC=CC=C2C1,16.287,49.713,99.66390599138427,182.4829608446566,948.9622619699986,36.47069278939619,1.9058802730604583,1.0
747,CC(COC(C)(C)C)O,16.261,49.739,44.78717052327324,161.39270819880014,929.699757845849,29.69897554770271,7.041390047053767,0.47619047619047616
748,CCC(CC)CO,16.21,49.79,37.464917369306555,151.60456941047963,823.7133540670076,35.91636170786297,7.654533436965117,0.5789473684210527
749,CCC(C)C(=O)OCC,16.203,49.797,31.986972684110242,139.00287271310103,866.128173805308,29.39364533059238,0.9217915460953746,0.47619047619047616
750,C1=CC(=CC(=C1)O)O,16.175,49.825,56.09472161841968,185.22958198306847,1097.0837058032728,25.806023222531092,9.614414119207055,0.3333333333333333
751,CCC(=O)OC(C)(C)C,16.113,49.887,39.376823785319345,135.0902231756381,868.2555651488225,28.824769335280287,1.0114862878665634,0.35
752,CCC(C)C(C)O,16.103,49.897,37.55580742462982,139.53360586503757,813.7613423600617,35.37234509628391,6.259370594055406,0.5714285714285714
753,CCCC1CCCC2=CC=CC=C12,16.087,49.913,103.02757600285243,240.48210092562087,933.6077632607199,38.75384129519296,5.562905988553434,1.0
754,CC(=C)C=C,16.033,49.967,70.22821662839526,38.577714695619996,679.0210097891154,42.485872280917185,0.25360844671980565,1.0
755,CC=CC(C)C,16.003,49.997,53.24073719472524,61.14309144856396,676.2948245147293,44.32359840873614,0.2784625711376897,0.3333333333333333
756,C/C=C\C(C)C,16.003,49.997,53.24073719472524,61.14309144856396,676.2948245147293,44.32359840873614,0.2784625711376897,0.3333333333333333
757,CCOC(=O)CC(C)C,16.001,49.999,37.43710211036929,136.11202920942918,865.8002926604413,29.480240811201124,0.9039760654806843,0.5454545454545454
758,CCCCCC1=CC=CC=C1,15.997,50.003,107.05695132920533,204.99531966445414,856.5779369816402,41.535303512654764,1.4052849013248196,1.0
759,C1=CC=C2C(=C1)C=CC3=CC=CC=C32,15.976,50.024,103.78088984092122,307.37443436507954,1031.6623311058042,38.175776771702665,8.659093607135377,0.5384615384615384
760,CCOC(=O)C=C(C)C,15.96,50.04,37.3292591472965,138.305193847016,896.8690574065689,28.285733597073474,1.0328952967815845,0.45454545454545453
761,CCOC(=O)C(=CC)C,15.955,50.045,36.28402768669648,143.20844815253835,900.0507131337697,28.02751959067108,1.1051599512919466,0.6
762,C1=CC=C(C=C1)C=CC=O,15.863,50.137,63.228428231042344,213.2062071638557,1003.2661974144474,33.07092972528118,1.9435456216281777,1.0
763,CCC(=O)NC,15.863,50.137,18.043402169607393,99.48638084436529,857.9265307617,27.592564181479545,0.777526130250781,0.4117647058823529
764,CC1=CC=C(O1)C=O,15.859,50.141,39.03942957507933,172.72822211091497,1049.0386400336606,26.689281348745197,1.6939444121730713,0.5
765,CCC(C)C(=O)OC,15.839,50.161,27.698451008658882,120.44327479471602,877.3808007136023,27.94592185178552,0.733396195397638,0.4
766,C=COCCO,15.832,50.168,32.500438369234125,138.91530980552443,1020.0663493004138,24.299076459195124,3.6850511225841833,1.0
767,C1=CC=C2C=C3C=CC=CC3=CC2=C1,15.73,50.27,103.91148271259426,308.28285698412725,1027.048641324731,37.9392803990959,8.05662603648696,0.6363636363636364
768,CC1=C2CC3=CC=CC=C3C2=CC=C1,15.68,50.32,102.46368256233134,279.5200120634923,988.1770434124963,37.859529477209676,9.942633669210542,0.4
769,CCOC(=O)C(C)C,15.675,50.325,28.58856764053013,115.04741421425022,872.6856893652852,27.992091134165655,0.7165749630129328,0.5263157894736842
770,C1=CC=C(C=C1)COCC2=CC=CC=C2,15.653,50.347,94.59869698609515,288.8155645238099,992.6564763476385,35.015304671893034,6.081925528308619,1.0
771,CCCCCC1=CC=C(C=C1)C2=CC=CC=C2,15.626,50.374,104.48406170769441,283.67466386724425,975.3573393967615,40.44732871006117,9.229225307150125,0.75
772,CC(C)(C)CC=O,15.575,50.425,37.79539126467605,106.97110849851445,814.8333271225304,34.69832767651352,0.6457076239169827,0.3157894736842105
773,CCC(C)(C)C(C)C,15.556,50.444,63.817227190830764,113.24525567176617,717.1449832448909,44.29442540228912,0.5297925704123465,1.0
774,CCC(=O)CC,15.556,50.444,22.62499458492993,102.96972621346502,810.5461368889038,33.39071030867686,0.5447415089913159,1.0
775,CCC(C)C(C)(C)C,15.525,50.475,62.41795329003099,111.12685181252655,713.8528366268991,44.287368121805585,0.5240350424844451,1.0
776,CCC(=O)C,15.516,50.484,18.651269844951447,79.7305278625289,817.3337620548692,31.742673706029368,0.43050265037919283,0.5384615384615384
777,CC1=CC2=CC=CC=C2C1,15.503,50.497,101.01676088126618,203.29719061408952,972.2610705867979,38.0076726090683,2.4748795321027957,0.36363636363636365
778,CC(C)C(=O)OC,15.478,50.522,23.49150210387759,98.61648033493599,898.1820406296598,25.797671064650913,0.6291991188213893,0.5
779,CCOC(=O)C(=C)C,15.387,50.613,28.10481768125073,112.28177199148026,908.3484261988392,26.42198258665074,0.8368377267810925,0.631578947368421
780,CCCCOC(=O)CCC(=O)C,15.383,50.617,49.803807066974635,214.37623689559535,968.4642024480604,28.572189322328587,2.509063219036121,1.0
781,C1CNC2=CC=CC=C21,15.334,50.666,80.18723145751296,191.93203181345925,979.4741840251293,34.92852771909565,3.0734462657186925,0.391304347826087
782,C=C(C)C(=O)OCCC,15.278,50.722,36.803292656801894,136.90137270794006,895.2753332123891,28.74538273013458,0.9861250652561042,0.42857142857142855
783,CCCC(=O)OCCC,15.168,50.832,35.68200461964653,142.3922659468272,870.428938609341,29.579219589546067,0.8689512936759038,0.7272727272727273
784,C1=COC(=C1)C=O,15.086,50.914,30.669298921181795,150.26286516495725,1104.2896198584867,24.90695456127474,1.5421950960863835,1.0
785,CC(C)CC(=O)OC,15.074,50.926,30.3676053150643,117.59303919352692,878.9752800531353,27.83919055840063,0.720328296566984,0.5263157894736842
786,C1=CC=C(C=C1)CCNC=O,15.04,50.96,59.24723203509028,225.00034524551555,1004.7592080527032,31.71366388249114,2.6837310930825358,0.4782608695652174
787,CC(C)(C)C=O,15.033,50.967,32.31849205028761,81.27320642604904,805.863411063811,33.4942785953916,0.5950410534640843,0.2857142857142857
788,C1=CC=C2C(=C1)C=CC=N2,15.017,50.983,99.04374125266648,220.77901387271876,1003.3049215144848,36.2913166656857,3.0980077940671045,0.3888888888888889
789,CC(C)C(=O)C(C)C,15.008,50.992,42.49674884323814,130.89275815919024,798.7023715761286,35.26488941242088,0.7351778471153184,1.0
790,CC(C)=O,14.89,51.11,15.33522077041861,62.01358085433489,822.5529947477638,28.828075948494515,0.38060236070897907,0.45454545454545453
791,CC(=O)C,14.89,51.11,15.33522077041861,62.01358085433489,822.5529947477638,28.828075948494515,0.38060236070897907,0.45454545454545453
792,C1CC2=CC=CC=C2NC1,14.873,51.127,91.44814208497051,208.27682013160089,970.9116854451277,34.85255572465747,3.5114485223607277,0.4782608695652174
793,CC1CCCC2=C(C=CC=C12)C,14.855,51.145,94.42706212052659,236.48562339820276,928.665514549634,38.52203108387016,5.162858086564174,0.34210526315789475
794,COC(=O)[C@H](C)O,14.848,51.152,15.605979076395506,138.95127257704044,1076.0213429333999,20.609997269367277,2.515994531835184,0.47058823529411764
795,CC(C)(C)C1CCCC2=CC=CC=C12,14.752,51.248,109.77917428043376,246.21705659575582,933.9405753516602,38.59255833617352,7.849499202175314,1.0
796,CCCCO,14.747,51.253,22.61248728367001,117.63931527501902,807.9078573691597,33.02958618986296,3.2457662682070754,1.0
797,C1=CC=C(C=C1)Cl,14.639,51.361,116.34847058824322,148.0296937221978,922.4799649473881,39.98636753899633,1.28541320865178,0.42857142857142855
798,CC(C)C(C)(C)C,14.632,51.368,57.68750954799168,81.97363882187878,684.8353205508575,44.32115678119724,0.5177307574222132,1.0
799,CCCOC(=O)CC,14.583,51.417,30.01213539169843,125.10287518526606,876.2966113560278,28.134552711403437,0.7194252923269283,0.6086956521739131
800,C1=CC=C2C=CC=C2C=C1,14.552,51.448,104.48116058231606,219.20832106828266,1015.6464675621116,38.139984762242285,2.5517353525782016,0.9
801,CCC(=O)C(C)C,14.55,51.45,30.787049054435926,118.91874784327352,809.4931603031088,34.69499892555793,0.6147111782139243,0.5238095238095238
802,C1=CC=C(C=C1)Br,14.55,51.45,116.47788369281375,187.09580203961445,911.302756972995,40.62371288804468,1.5494701930864372,0.42857142857142855
803,CC(=CC(=O)OC)C,14.509,51.491,36.06028711374352,121.03191300365145,929.7678196093005,26.15195593861293,0.8448221403935167,0.4444444444444444
804,CCC(C)C1CCCc2ccccc12,14.492,51.508,104.50675936018997,246.47749666365814,932.5467741050002,38.742778556390746,7.20012873773627,1.0
805,CC=C(C)C(=O)OC,14.482,51.518,36.45726573785168,124.01730692951254,931.7113105394634,26.03257370634362,0.9156735991184699,0.4444444444444444
806,C/C=C(/C)C(=O)OC,14.482,51.518,36.45726573785168,124.01730692951254,931.7113105394634,26.03257370634362,0.9156735991184699,0.4444444444444444
807,CCCCC(=O)OC,14.435,51.565,27.3458343776159,126.96919865126004,884.6009008560828,28.01576127753046,0.7027414847175248,1.0
808,CC(=CCCC(C)(C=C)O)C,14.411,51.589,73.74806964039537,200.93270820410885,850.6816324589562,35.92385075421719,7.702733355212093,1.0
809,CC(=C)C(=O)OC,14.299,51.701,28.649594015186352,98.2640818328924,934.8613814285517,24.779497388482355,0.667297448962303,0.47058823529411764
810,C1=CC=C(C=C1)CC=O,14.287,51.713,51.28566148062182,197.76076024407033,1007.1214354633826,32.93058413911591,1.5186173561415066,0.47368421052631576
811,CCC(=O)OCC,14.246,51.754,20.835858551660703,100.90388563821666,887.1978297959339,25.54419483325222,0.6505448144182444,0.6666666666666666
812,CC1=C(C=C(C=C1)C(C)C)O,14.211,51.789,94.54684944993119,208.20411818492641,988.5426845405975,34.76909075189584,9.033877981510788,0.44
813,C1=CC=C(C=C1)C=O,14.2,51.8,53.38825135514641,175.6144055373464,1018.1911554932976,32.445333140727605,1.4168644844410758,0.5238095238095238
814,CCC(C)C(=O)C,14.138,51.862,29.701871010785467,118.74958473775395,811.6473753521827,34.56504967355972,0.6355293389981937,0.3888888888888889
815,C1=CC=NC=C1,14.119,51.881,78.19543222704068,82.00490173109046,841.711678654758,36.72731633200149,0.7219773632917755,0.3333333333333333
816,CCCCC(C)(C)O,13.923,52.077,42.532772010341446,142.85833993293656,815.0604194959443,35.73020363119941,6.926002092174529,0.5555555555555556
817,CC(=O)N1C=CC2=CC=CC=C21,13.85,52.15,84.04132977694913,251.49705870851363,1015.9901720557777,32.67438266074964,4.646838519877164,0.28
818,C1=CC=NN=C1,13.833,52.167,72.51345800646757,95.16469795379177,828.5288936917292,39.78701046409185,1.5066063898201498,0.2222222222222222
819,CC(C)C(=C(C)C)C,13.804,52.196,87.3698255790477,114.47472696511332,726.2535791394137,44.24279752912838,0.6848204528761658,0.3125
820,C1=CC=C(C=C1)C(=N)C2=CC=CC=C2,13.71,52.29,98.7032165462503,287.77795460317475,1020.3702579113191,35.84684429884229,7.5820397841524505,0.35294117647058826
821,CC1CC(=O)CC(C1)(C)C,13.692,52.308,64.95111133865372,190.63893061857274,919.6870537083623,35.73111488104495,1.7481274353331726,1.0
822,CCCCC1=CC=CO1,13.598,52.402,104.7219957044013,174.53536011579,918.3363270560136,33.05746807388647,1.1850048164625544,1.0
823,CC(C)C(C)O,13.557,52.443,31.774891311938067,114.88791571530695,800.0775379992458,34.51362731592009,5.876318924798257,0.38461538461538464
824,CC(C)CC(=O)C,13.46,52.54,33.140388309286834,120.219514140023,812.3395344321125,34.68241810756485,0.6037358791197305,1.0
825,CCC=C(C)C(=O)OC,13.445,52.555,39.78987799900187,141.53502921136504,905.5359435005153,28.44602861266012,1.0386236292700353,0.391304347826087
826,CCCCC(C)(CCCC)c1ccc2ccccc2c1,13.365,52.635,121.39746248366532,294.87980206349226,980.0899411449434,40.09076192314982,20.742798256553865,1.0
827,CCC(C)CO,13.362,52.638,31.271367099382466,126.85525548462145,814.1589907650949,34.692804294348015,5.4419624662223525,0.5714285714285714
828,CCCC(C)O,13.337,52.663,29.82262177258308,125.56833614133681,809.6186019436567,34.610146661316065,4.68994204345181,0.6111111111111112
829,CC(C)C(=C)C,13.321,52.679,53.56498697983592,60.288498530738565,680.6660102757062,44.33054908875469,0.3719746702470526,0.3333333333333333
830,C1=COC(=C1)CO,13.311,52.689,47.290290060728594,163.43950325460173,1119.4452009107172,25.39762284178735,5.987359661231649,1.0
831,CCC(=O)OC,13.288,52.712,16.594425105972572,83.96176119117008,919.3381368533236,23.136681733455884,0.5731224192582915,0.625
832,CC(C)C(=O)C,13.203,52.797,26.77273102766813,97.05424860072546,799.3379599765532,33.53736989804241,0.5801646205596965,0.5384615384615384
833,C1=CC=C(C=C1)C(=O)C2=CC=CC=C2,13.199,52.801,87.60969681141202,282.86087873015896,1024.4453857057,33.75088238403848,6.08569011027594,0.35294117647058826
834,O=C(c1ccccc1)c1ccccc1,13.199,52.801,87.60969681141202,282.86087873015896,1024.4453857057,33.75088238403848,6.08569011027594,0.35294117647058826
835,COC(=O)CCCCC(=O)OC,13.174,52.826,41.44558656821616,178.19086409507662,1042.5876755622094,22.28966299458242,5.146078964289796,1.0
836,C1CCCC1,13.08,52.92,43.72440264904123,50.21033560415024,746.0132671905193,44.29154092965114,0.5723137982414266,1.0
837,CC(=O)C1=CC=CC=C1,13.066,52.934,73.09172764239788,199.38506247302357,1003.1121740904649,33.26573707625237,1.5865787172703798,0.36
838,C=CC1=CC=CC=C1,12.96,53.04,109.05453261376339,148.2216099386416,919.490124615958,40.49036187062787,0.9651441479595544,0.391304347826087
839,CCCCC1=CC=CC=C1,12.951,53.049,110.20832065635089,187.56575385854438,856.6689695454811,41.37042027598093,1.1360158842096708,1.0
840,CCOC(=O)CC(=O)C,12.925,53.075,30.443300453974054,168.72819554815658,1001.6738339983289,22.67527322088298,1.4280494378652098,1.0
841,CC(CC(C)(C)C)CC(C)(C)CC(C)(C)C,12.919,53.081,109.89063969558786,233.3676273296986,767.4204243895399,44.10554753118908,6.229961660132096,1.0
842,CCCC(C)(C)CC,12.897,53.103,58.07839171464935,114.57943554619943,710.0307557935681,44.27894357269919,0.5150820869523242,1.0
843,CCC(C)CCC(C)(CC)c1ccc2ccccc2c1,12.851,53.149,119.83108578339076,283.1442730158731,976.2878222421037,40.05414991576284,21.751665709527654,1.0
844,CC(C)C(C)C(C)CC(C)(C)C,12.84,53.16,105.09637428631966,194.38294218967704,749.3370733882937,44.154309250452656,2.3753597925384677,1.0
845,C1=CC=C(C=C1)C2=CC=CC=C2C3=CC=CC=C3,12.829,53.171,104.46941212187247,299.5912200000002,1026.1896086930776,39.396154158762705,17.70664893895936,0.6153846153846154
846,CCNC1=CC=CC=C1,12.808,53.192,100.64301377370664,181.72201221501336,942.47568706654,36.40740583482202,2.0149442399870416,0.43478260869565216
847,C/C=C/C(=O)OCC,12.775,53.225,31.845124355909768,120.77309111027121,912.5110361619616,26.111365558402508,0.8341808213855515,0.45454545454545453
848,CC(CO)O,12.768,53.232,14.464430960037427,152.89148240240152,1026.360484059075,23.03989553211013,9.374662764668429,0.5833333333333334
849,C1CCC(C1)O,12.759,53.241,34.43256357864897,137.0635152313369,932.5390950849821,33.036519600054035,8.81363616762547,1.0
850,C=CCC1=CC=CC=C1,12.73,53.27,105.02026710252132,168.48382238032377,910.0039920260782,40.51697210425569,1.0362089354254451,0.45
851,C=CCc1ccccc1,12.73,53.27,105.02026710252132,168.48382238032377,910.0039920260782,40.51697210425569,1.0362089354254451,0.45
852,C=CCCC1=CC=CC=C1,12.536,53.464,104.10489172269797,189.6018968852629,901.7376538066712,40.64973293378907,1.2595418152749542,0.55
853,C=CCCc1ccccc1,12.536,53.464,104.10489172269797,189.6018968852629,901.7376538066712,40.64973293378907,1.2595418152749542,0.55
854,CCCOC(=O)C=C,12.523,53.477,29.610257488997924,117.3337583399253,902.9782289304862,26.72590173684563,0.7364757679591376,0.48148148148148145
855,C=CC(=O)OCCC,12.523,53.477,29.610257488997924,117.3337583399253,902.9782289304862,26.72590173684563,0.7364757679591376,0.48148148148148145
856,CC1=CC(=C(C=C1)O)C,12.483,53.517,80.87710344942955,195.89939381001986,1004.7850489940696,33.407925200096855,10.595997733113688,0.55
857,CCC(CC)O,12.465,53.535,28.950729812386115,125.13762039807526,812.8189949353989,34.51725613439374,5.489079638616506,0.5384615384615384
858,C1=CC=C(C=C1)F,12.37,53.63,101.5522726001554,134.62883959679687,990.6984445826896,34.97904793478102,1.2191969250769958,0.42857142857142855
859,CC(C)(C)C(=O)OC,12.263,53.737,32.25317755604296,111.10890852379954,884.9935082468,27.178262590035104,0.8703514245526057,0.4117647058823529
860,COC1=CC=CC=C1OC,12.256,53.744,33.23561921262322,213.37739559913652,1059.7742351947588,28.47477634430832,2.359238716642458,1.0
861,COc1ccccc1OC,12.256,53.744,33.23561921262322,213.37739559913652,1059.7742351947588,28.47477634430832,2.359238716642458,1.0
862,C=CC(=O)OCC,12.219,53.781,22.26871023725083,98.38997899531941,915.8151831397856,24.374023986392622,0.6621432373720861,0.47619047619047616
863,CCOC(=O)C=C,12.219,53.781,22.26871023725083,98.38997899531941,915.8151831397856,24.374023986392622,0.6621432373720861,0.47619047619047616
864,C1CCC(=O)CC1,12.203,53.797,36.228736563378035,150.9760766146279,940.3751266073004,33.425739964839586,1.4376887592321874,1.0
865,CCCC(=O)OCC,12.176,53.824,27.379224007057708,123.50508249448436,871.7169957195197,28.062796545268608,0.697701050334443,0.7777777777777778
866,C1=CC=C(C=C1)N,12.154,53.846,94.72101756243045,129.94618867783666,968.5842167363395,34.44376830577735,1.281583192904148,0.42857142857142855
867,CC1=C(C(=C(C=C1)C)C)C,12.132,53.868,94.14774651039195,199.3583187634054,896.231050672315,41.25861820597131,2.100117188229844,1.0
868,CO,12.067,53.933,10.76021200798954,56.134502786507596,816.7016043607231,25.790144698527264,1.29410063141486,1.0
869,CCC(C)(C)CC,12.03,53.97,50.57782989646276,88.31422341131474,689.2483042627991,44.34275627828312,0.49553608006020033,0.5714285714285714
870,CCCC(C)(CCC)c1ccc2ccccc2c1,12.011,53.989,114.18198488730829,286.37015648629205,979.8647093465245,39.93890868930888,15.605320164044935,1.0
871,COC(=O)C=C,11.895,54.105,18.94792841636781,82.47673063439966,959.3928644391967,21.99753003409073,0.7284481805755907,0.4166666666666667
872,CC(CC(C)(C)C)CC(C)(C)C,11.877,54.123,97.86827487950538,187.57032609988613,742.5702445047245,44.137628704406126,1.979567952640988,1.0
873,C(=C\c1ccccc1)\c1ccccc1,11.792,54.208,103.00645213653189,287.32738047619057,1001.2646908690848,39.86019420488669,5.808494387734932,0.5789473684210527
874,C(=C/c1ccccc1)\c1ccccc1,11.792,54.208,103.00645213653189,287.32738047619057,1001.2646908690848,39.86019420488669,5.808494387734932,0.5789473684210527
875,C1=CC=C(C=C1)C2=CC=CC3=CC=CC=C32,11.778,54.222,103.71327181988161,301.14160920634924,1034.9674157248746,39.044041114383916,10.797360088438344,0.4
876,CC1=CC(=C(C=C1)C)C,11.662,54.338,100.83180111128807,168.84753778504452,873.6884521733961,41.14575341769775,1.2604760968208883,1.0
877,CC1=CC=CC=C1O,11.656,54.344,79.40236086305914,174.57147690282176,1017.7001748933965,32.925700473146435,12.002965232206064,0.5625
878,CCCC1=CC=CC=C1,11.395,54.605,112.00858593340655,166.49890129502384,857.900481026566,41.20534103709856,0.9353436860906671,1.0
879,CC1=CC(=CC=C1)O,11.391,54.609,75.74411991843931,172.5553294229996,1022.0418470565288,32.745474588031485,11.903796235219763,0.6111111111111112
880,CCCC=CC(=O)OC,11.375,54.625,38.42075863699498,133.6651048358363,905.9750754348833,28.090276576237354,0.9676073985269747,0.5151515151515151
881,CCCCC(C)(C)c1ccc2ccccc2c1,11.363,54.637,111.88075550413637,279.3076710894665,977.7425381050529,39.90990969686641,11.627122579660131,1.0
882,C1CCC(=O)C1,11.292,54.708,24.291396380914286,126.41232545405849,944.611933087967,31.845576127811615,1.2713419289967314,1.0
883,CCCC1=CC=CO1,11.287,54.713,97.95628793843936,148.53491599927358,920.3590818794686,32.73042200320344,1.127352566953762,0.75
884,C1=CC=C(C=C1)C(C2=CC=CC=C2)C3=CC=CC=C3,11.279,54.721,106.0423906970798,302.35375761904777,1001.5560038259351,39.320204976239985,22.244037631835603,0.5294117647058824
885,C1=CC=C(C=C1)C2=CC(=CC=C2)C3=CC=CC=C3,11.257,54.743,104.76350296690877,298.35101777777794,1017.3370608054337,39.344610169869725,16.04540529881567,0.6923076923076923
886,C1=CC=C(C=C1)C2=CC=CC=C2,11.244,54.756,107.09805361641452,262.56318190476213,1013.8540154651444,39.85661060570252,3.640993488423015,1.0
887,COC(C)(C)CCO,11.21,54.79,33.448949594512605,166.81414588058072,944.682558878259,28.918146766027338,5.914431233911372,1.0
888,CC1=CC=C(C=C1)O,11.207,54.793,80.01379862996012,169.64642717851066,1022.7506553573456,32.686247528304065,11.734915160623293,0.6153846153846154
889,CC=CC(=O)OC,11.103,54.897,26.90450049454048,100.98116600912043,955.6464499882138,24.015868230437633,0.6579455374827968,0.6666666666666666
890,C/C=C/C(=O)OC,11.103,54.897,26.90450049454048,100.98116600912043,955.6464499882138,24.015868230437633,0.6579455374827968,0.6666666666666666
891,CCC1=CC=CC=C1O,11.065,54.935,96.5166309618836,201.6387973464048,1004.2115921999654,32.76113155447155,8.967124582790776,0.391304347826087
892,COC(C1=CC=CC=C1)OC,11.003,54.997,77.91261604122774,213.66663000524025,1032.9222609304088,28.72302166885143,2.6285196495332186,1.0
893,CC(C)(C)CC(=C)CC(C)(C)CC(C)(C)C,10.978,55.022,106.21416440328218,228.03617279241547,762.0954459752838,44.01022869099312,6.598772340763663,1.0
894,CCC=CCC(=O)OC,10.964,55.036,42.829426531500665,127.06333126839142,909.313659477404,28.167769254890587,1.0112669408361714,0.5517241379310345
895,CCC=CC(=O)OC,10.953,55.047,34.227698543713515,123.10397353119436,922.0246219454489,26.0527026453519,0.834402200801033,0.46153846153846156
896,CC(C1=CC=CC=C1)O,10.929,55.071,80.72292410724873,201.41258250326032,1005.7800490079393,33.701538467544175,12.393379575068403,0.5789473684210527
897,CNC1=CC=CC=C1,10.845,55.155,95.43972823613882,165.48564397944637,960.4465034659833,35.48124095150186,1.9948423233149817,0.3888888888888889
898,CCCO,10.677,55.323,17.387249867915518,100.25051263309501,802.95952885137,30.294641100223533,2.320289435168006,1.0
899,CC(C)CO,10.61,55.39,26.382011724166496,110.74710978845411,801.919194472852,33.09792318444672,3.9996687367712083,1.0
900,CCC1=CC=CO1,10.439,55.561,89.2148818270684,110.06774093443809,921.2964651545569,32.4719624451003,1.0520645418125363,1.0
901,COC(=O)CCCC=C,10.424,55.576,40.434153785090004,135.38680561278701,908.3046336160874,27.830738205981028,0.9296779473122053,0.84
902,CCC(CC)(CC)O,10.42,55.58,43.004280616678884,142.4230406964582,824.1329851935881,35.508459480187156,7.494129034903384,0.5384615384615384
903,CC(=O)CC(C)(C)O,10.298,55.702,38.70702639040476,165.29636351735422,917.5906265273035,27.82770127192953,3.504328294411414,1.0
904,CC(C)(C)C(=N)C(C)(C)C,10.173,55.827,73.22567508126168,167.44172985373808,798.550487186244,38.3135877203533,4.1154164004615,0.3333333333333333
905,CCC1=CC(=CC=C1)O,10.167,55.833,102.10342960994605,198.11235910037294,1003.9186433314698,33.262092395195424,9.40179421664666,0.6666666666666666
906,CCO,10.154,55.846,12.67508576027098,85.48092973843416,805.1079176731947,27.106355817951258,1.3714053928055685,1.0
907,CC1=CC=CC=N1,10.105,55.895,83.71872678491721,111.10279920527486,904.3785675107007,37.225182602585264,1.008144965819888,0.3684210526315789
908,C1=CC=C(C=C1)CN,10.039,55.961,89.28936062056304,161.33666560759272,952.1496140312138,35.05693200392737,1.3652388405257263,0.5294117647058824
909,CCCC1=CC=C(C=C1)O,10.037,55.963,127.23689396152818,212.2926872612122,991.8424701062127,33.75386117754172,9.807545021514938,1.0
910,CCC(C)O,10.032,55.968,25.166615259211397,104.70914508617602,801.0150263142464,33.00649838896321,3.748567997560524,1.0
911,CC1=C(OC=C1)C,10.02,55.98,71.98064176122902,110.74450086539993,931.872275970725,32.37151351032141,1.184188014424159,0.36363636363636365
912,CC1=C(C(=C(C(=C1C)C)C)C)C,10.003,55.997,93.7150664400557,240.18517963572842,824.0084657324013,41.50447983608353,3.9616219547459703,0.36363636363636365
913,Cc1oc(C)cc1,9.954,56.046,60.266629012012295,105.00146341971514,929.0126602664011,32.277453380509826,1.1550012654494075,1.0
914,CC1=CC=C(O1)C,9.954,56.046,60.266629012012295,105.00146341971514,929.0126602664011,32.277453380509826,1.1550012654494075,1.0
915,COCC1=CC=CC=C1,9.927,56.073,81.21952289132997,181.12264484404554,973.3746219573841,33.202770780194385,1.3446022887849416,0.6
916,CN1C=CC2=CC=CC=C21,9.888,56.112,94.40184191846481,218.2498961529588,994.0318998686444,35.39368764147691,3.1488155515738536,0.35
917,CCCC(C)(C)O,9.838,56.162,38.38394224116593,130.73087725122153,812.7023125655842,35.31449382132961,5.832644838691923,0.5333333333333333
918,CCC1=CC=C(C=C1)O,9.793,56.207,104.56333995372103,197.94896087815073,1004.6695415854957,33.23976736258157,10.207372087771844,0.6190476190476191
919,C1=CC=C(C=C1)CO,9.758,56.242,76.82756699028502,193.921318632018,1033.063653308774,33.257749322160464,9.248582231422237,0.5789473684210527
920,C1=CC=C(C=C1)CCO,9.749,56.251,75.3394344160392,210.4443481663261,1016.8857488719224,33.609486625833426,9.854441595284216,1.0
921,CC(=C)CC(C)(C)C,9.657,56.343,72.23800167594607,105.89929841247387,714.2053832421096,44.22879756624221,0.5641233067426048,1.0
922,CC1=CN=CC=C1,9.648,56.352,82.84201197536481,110.97944211737446,902.8519650841748,37.11151508414333,0.9586067871941195,0.4
923,C=C(C1=CC=CC=C1)C2=CC=CC=C2,9.625,56.375,103.38498850881628,286.67862166666686,1000.8692981422056,39.906750737863035,5.601095427651735,0.35294117647058826
924,CC=CCC(=O)OC,9.616,56.384,38.621291199726,123.75945366140502,945.3661073154526,26.208647929664448,0.8420304098150642,0.4782608695652174
925,CC=CC=CC(=O)OC,9.608,56.392,60.32713749828491,155.86567345668695,962.9002126112711,26.604666478042194,1.3060911097397019,1.0
926,CCC(C)(C)O,9.571,56.429,33.33166771698645,108.2684325138879,805.8064868445982,34.18799293123289,4.814741236770867,1.0
927,CC(C)(C)c1ccco1,9.555,56.445,85.74520448729831,173.01226214633851,939.4496875761255,34.016555618524926,1.5411129226996476,0.43478260869565216
928,CC(C)(C=C)O,9.548,56.452,28.154927477331302,105.37846714079707,831.4485641904174,33.45251200824849,3.814641614680794,0.4166666666666667
929,C1=CC=CC=C1,9.526,56.474,107.43674317479851,79.10514395495953,830.3646049194199,41.17686526797778,0.6784773882980152,1.0
930,CC(CC(C)(C)C)CO,9.505,56.495,58.520289855125085,164.82628703021786,823.159261689843,36.71960805324955,8.334721035733454,0.6875
931,CC(=O)CC(C)(C)C,9.498,56.502,44.971071824860694,129.12803006676194,811.9612712230382,35.733805907600576,0.7482415497389092,0.6111111111111112
932,CNCC1=CC=CC=C1,9.491,56.509,86.50526918861527,181.29948142436274,931.2676432815332,36.368543928261225,1.971140641299975,0.5263157894736842
933,CC(=O)C(C)(C)C,9.481,56.519,38.606511895614425,109.92912808930296,789.3713058942348,34.609297049272996,0.6989163231974501,0.3888888888888889
934,CCOC(=O)CCC=C,9.478,56.522,39.62524165375876,133.9329469438577,892.2142719060406,27.91258660090412,0.9836247641919135,0.6086956521739131
935,CCCC(=O)OC,9.468,56.532,21.37918736999731,103.61197120633757,896.4709890975915,25.53905243331397,0.6277267815716593,1.0
936,CCCCC1=CC=C(C=C1)C2=CC=CC=C2,9.438,56.562,103.01440887654697,280.7863775180379,976.9000397397858,40.21582060295348,7.117176646738862,0.7391304347826086
937,CC(=CC(C)(C)C)C,9.432,56.568,86.6565239025282,106.46509174012749,718.7976814519983,44.157961699300095,0.6190640612433785,0.3333333333333333
938,CC(=C)C(C)(C)C,9.424,56.576,71.89066985130002,81.78489818466015,703.9878556728723,44.30410165299443,0.5351516259850712,0.4117647058823529
939,CC1=CC=NC=C1,9.385,56.615,81.59262394331446,111.66888523396901,905.9323297172494,36.95719155557181,1.0048824851974172,0.5
940,CC(C)(C)CC=C,9.357,56.643,62.0595435658591,81.25348388101816,693.3609064341147,44.29747090209181,0.47562508244503793,0.3157894736842105
941,CCC(C(C)(C)C)O,9.342,56.658,46.913332847787686,140.91629173576706,819.4802537674028,35.57574713829975,6.337527336733421,0.42105263157894735
942,CC(C)(C)C(=O)C(C)(C)C,9.32,56.68,61.14866771509281,158.93497105333694,799.1227900844743,35.74163443779095,1.5251626175242983,0.3333333333333333
943,CC(C)O,9.316,56.684,19.0251750528307,93.6459206845262,789.5908028362602,30.46092603452792,2.3437959534872506,0.45454545454545453
944,CC(C)(C)CCO,9.278,56.722,42.46726864957229,135.5825426275505,816.2641931917825,35.811813893639595,5.835618465895374,0.47368421052631576
945,CC1=CC=CO1,9.25,56.75,80.30871645203493,77.61630687228445,932.4530341963781,31.525927994194546,0.9103176647571525,1.0
946,CC(C)C(C)(C)O,9.125,56.875,40.49250601735633,122.99248137376003,805.5678070981435,35.013669246137304,6.7238995570592515,0.5
947,CC(C(C)(C)C)O,9.077,56.923,41.003307040781095,123.43998475860117,800.4701651627389,35.1668769847831,6.136120397095322,0.5
948,CCOC(=O)CCC(=O)C,9.043,56.957,35.316989574757855,189.40925106340597,1006.4909863016896,23.881359098817708,1.7493812803320707,1.0
949,C1=CC=C(C=C1)OC2=CC=CC=C2,8.944,57.056,98.27200868175483,268.93295777777786,1001.8821891021754,34.05408718155056,5.078890689952045,0.5294117647058824
950,CC(C)(C)O,8.913,57.087,29.733586549013236,95.80756579814854,792.7317260139099,32.715404048139504,4.954682080053742,1.0
951,c1ccc(Cc2ccc(-c3ccccc3)cc2)cc1,8.908,57.092,105.92932218516277,301.3328246031746,998.6858113165405,39.343395594719304,18.898588335383455,0.7058823529411765
952,CC(C)(C)C=C,8.808,57.192,54.0517169961185,54.050664831535556,666.5889805737839,44.34263251027299,0.41683866091045796,0.2916666666666667
953,C1=COC=C1,8.792,57.208,74.29668209552352,42.8969240403065,897.6043776880183,30.235220346056316,0.4500411634011392,1.0
954,C1=CC=C(C=C1)CCCC2=CC=CC=C2,8.783,57.217,99.91362816372381,290.0889273809525,965.1766347410575,39.58056856908485,5.716257762606967,0.7333333333333333
955,CCC1=CC(=CC(=C1)CC)CC,8.629,57.371,96.93272058255222,217.2275486831315,865.5664018190303,41.3333159002899,2.513571802391045,1.0
956,CC1=CC=CC=C1N,8.614,57.386,87.69865538485953,156.46260565095824,953.5915980206537,35.06322368509552,1.5091498870508184,0.5625
957,CCCCC1=CC=CC2=CC=CC=C21,8.478,57.522,101.41576906749619,268.89097207570245,982.5783634688256,39.91456790597524,6.557899573692614,1.0
958,CCOC1=CC=CC=C1,8.441,57.559,111.04450420799702,178.16473698247057,964.062111717499,33.67476671512268,1.3644680274485486,0.47619047619047616
959,CC1=CC(=CC=C1)N,8.433,57.567,85.62163228448937,155.5685531539731,951.2801123785214,34.94037212003867,1.5059758645760746,0.7058823529411765
960,Cc1cccc(CO)c1,8.428,57.572,75.9620032559246,196.23223353250327,1006.6807593903876,33.78230287985644,9.459733503936446,0.5238095238095238
961,COC(=O)CCC=C,8.422,57.578,34.387687768736726,120.6251617263432,921.770853808194,26.12046625545959,0.7486798717396699,0.6923076923076923
962,CC(N)c1ccccc1,8.333,57.667,93.86713140157624,179.52542980664785,939.0995508325115,35.764578055348224,1.5367093241705378,0.5789473684210527
963,CCC1=CC=CC=C1CC,8.19,57.81,103.255595753603,186.82217541728525,870.3686346314344,41.191903584999686,1.4626917375676272,0.5
964,CC1=C(C(=CC=C1)C)C,8.156,57.844,99.5409232736551,170.99651424656219,892.4893856837392,41.15771127746451,1.3984618032543648,1.0
965,CC1=CC=CC=C1OC,8.109,57.891,73.18497002214937,183.5365690373789,966.6435740325675,33.62969233082777,1.710960780513262,0.6666666666666666
966,CC1=CC(=CC(=C1)C)C,8.038,57.962,99.69908592665574,163.53676054624802,862.5579896074536,41.122355750048676,1.0703852550020068,1.0
967,CC1=CC(=CC=C1)OC,7.905,58.095,80.27932474877254,182.11177195510663,963.0947610913369,33.582348942122984,1.7043332039266665,0.55
968,COC1=CC=CC=C1,7.859,58.141,98.95932184951867,157.03113904357866,984.2175885128167,33.29800725698924,1.4224752174407478,1.0
969,CC(=O)CCC(=O)OC,7.833,58.167,31.60417755419148,177.83884035151732,1040.1758431192188,22.30410237376192,1.5183665091346112,1.0
970,CCC1=CC=CC=C1C,7.694,58.306,102.31174861032758,168.10772073886938,877.4395951897918,41.131528576419136,1.2162659944861656,0.5
971,CCCC1=CC=C(C=C1)OC,7.635,58.365,122.00786989247747,202.65219657657136,950.0512020742601,34.62191973321232,1.954886945169137,1.0
972,CCC1=CC=CC=C1,7.616,58.384,106.22450251076712,142.4566674740052,865.8200056040295,40.92936617247111,0.856600668462013,1.0
973,CC1=CC=C(C=C1)OC,7.595,58.405,84.50524605982977,178.76162940349317,962.9451102841062,33.792888473403195,1.5680239048638938,1.0
974,CC1=CC=CC=C1C,7.324,58.676,102.12878038570739,143.47955260344304,874.6612332782045,40.95396788492763,1.267364452160079,1.0
975,CC1=CC(=C(C(=C1C)C)C)C,7.091,58.909,92.82659666295034,221.1026665241278,895.829382339844,41.28919330541825,3.2514772692030043,0.5833333333333334
976,CC1=CC(=C(C(=C1)C)C)C,7.053,58.947,95.5287884835686,196.12902239095465,891.586997043094,41.25845709051042,1.891814286061039,0.5384615384615384
977,CC1=CC=CC=C1,6.964,59.036,105.66815499585695,112.19277771530773,865.5348031571882,40.73556332200283,0.7805584701170891,1.0
978,C/C=C/c1ccccc1,6.666,59.334,107.07362767628341,168.79234297466718,910.8066854650104,40.750801647526636,1.0525970719980513,0.4782608695652174
979,CC=CC1=CC=CC=C1,6.666,59.334,107.07362767628341,168.79234297466718,910.8066854650104,40.750801647526636,1.0525970719980513,0.4782608695652174
980,CC1=NC2=CC=CC=C2C=C1,6.661,59.339,100.29172364625752,234.47040927892382,989.4692236130298,37.10181133615714,3.6861501185521472,0.38461538461538464
981,CC1=CC(=CC=C1)C,6.652,59.348,102.72564209072696,140.92153805907472,861.9556645918907,40.94205814555036,0.8631529952395761,1.0
982,CC1=CC=C(C=C1)C,6.621,59.379,102.86938972085771,139.06211838221606,861.4154400360267,40.92838714036557,0.8684855668651154,1.0
983,C=Cc1cc(C)ccc1C,6.574,59.426,97.03443111135115,187.99810846437978,906.0972045824354,40.99814309932022,1.6953740005875562,0.4782608695652174
984,C=C(C)c1ccccc1,6.535,59.465,106.37533321584796,173.38950736877337,911.5170555942528,40.82312165960715,1.0606837087620995,0.42105263157894735
985,CC(=C)C1=CC=CC=C1,6.535,59.465,106.37533321584796,173.38950736877337,911.5170555942528,40.82312165960715,1.0606837087620995,0.42105263157894735
986,C1=CC=C(C=C1)CC2=CC=CC=C2,6.462,59.538,103.97612845955794,275.36439087301625,984.3510211880678,39.76393939579917,4.278074327295409,1.0
987,CC(C)=Cc1ccccc1,6.358,59.642,102.88455825953903,187.96224303570946,906.5159569825064,40.93882381790987,1.3624342614904856,0.34615384615384615
988,CC1=CC(=C(C=C1C)C)C,6.339,59.661,94.0518340837451,196.3595129925496,877.7042334372558,41.25709716362916,2.02110904106331,1.0
989,Cc1cc(C)c(C)cc1C,6.339,59.661,94.0518340837451,196.3595129925496,877.7042334372558,41.25709716362916,2.02110904106331,1.0
990,CCC(C1=CC=CC=C1)C2=CC=CC=C2,6.096,59.904,102.4242727540019,280.0201420167516,976.0176242447259,39.98338072382119,6.754361348118623,0.6190476190476191
991,CC(C)(C1=CC=CC=C1)C2=CC=CC=C2,6.09,59.91,100.26053611935058,280.58442640692675,976.2457497253737,39.915679207783526,7.185547722521719,0.4074074074074074
992,CCC1=CC=CC(=C1)C,6.082,59.918,104.9197602985741,165.7288891222376,861.1205881731294,41.15652182088994,1.02004083695351,0.7
993,CCC1=CC(=CC=C1)CC,5.938,60.062,104.39121188766944,184.7487367617284,862.0495772972826,41.19651987878543,1.3426966597035388,1.0
994,CCC1=CC=C(C=C1)C,5.81,60.19,105.72470917680712,164.50535289223836,859.7028203165137,41.145634906051214,0.9632935664812325,0.6
995,CC(C)C1=CC=CC=C1,5.75,60.25,104.2028944823362,163.35612953199632,858.9778198882362,41.20143152920758,1.1025324073953595,1.0
996,CCC1=CC=C(C=C1)CC,5.586,60.414,105.53924407062901,185.2802301032629,861.5514284446779,41.19388336439228,1.3137818350738264,0.6666666666666666
997,CCCC1=CC=C(C=C1)C,5.521,60.479,110.2563540114704,183.92950495934292,857.4131555741649,41.31518761465722,1.2269366214840014,1.0
998,CC(C)CCc1ccccc1,5.413,60.587,103.22144403093462,198.40788594744865,856.633438436131,41.37386483183724,1.7407700200986724,0.55
999,CCC(C)c1ccccc1,5.24,60.76,102.91413529482035,186.64375266379383,859.1084842405679,41.31916760937295,1.36050406872183,1.0
1000,CCC(C)C1=CC=CC=C1,5.24,60.76,102.91413529482035,186.64375266379383,859.1084842405679,41.31916760937295,1.36050406872183,1.0
1001,CCCC1=CC=C(C=C1)C2=CC=CC=C2,5.15,60.85,101.90354529976904,279.5867610101014,979.1026532473124,40.14894371371179,5.772940209427185,0.7142857142857143
1002,CC1=C2C=CC=CC2=CC3=CC=CC=C13,4.861,61.139,105.06698793987375,289.6150031746033,1021.232653971958,39.369744896375416,10.577723733262063,0.4166666666666667
1003,C/C(=C\c1ccccc1)c1ccccc1,4.781,61.219,101.60019163109334,282.35302418470434,1001.3273066936806,39.89588950393755,6.652577630733418,0.42424242424242425
1004,CC(C)Cc1ccccc1,4.682,61.318,102.07274800115721,184.03212412902792,854.4304730570421,41.25870854386471,1.254435631748527,0.47619047619047616
1005,CC(C)CC1=CC=CC=C1,4.682,61.318,102.07274800115721,184.03212412902792,854.4304730570421,41.25870854386471,1.254435631748527,0.47619047619047616
1006,CC1=CC2=CC=CC=C2C=C1,4.226,61.774,104.09487544055975,243.11173420634927,1023.336319509573,39.44572349810145,3.692250042992275,1.0
1007,CC1=CC=C(C=C1)C(C)C,4.161,61.839,99.60451806972422,180.03195940063605,857.7410979834208,41.29503995084484,1.7620389436135206,1.0
1008,CC(C)c1ccc(C)cc1,4.161,61.839,99.60451806972422,180.03195940063605,857.7410979834208,41.29503995084484,1.7620389436135206,1.0
1009,C1=CC=C(C=C1)CCC2=CC=CC=C2,4.131,61.869,101.94815818571557,286.29006690476217,972.5643620617864,39.73323926109816,5.20163816887374,1.0
1010,CC1=CC=C(C=C1)C=C,4.072,61.928,100.06219556730417,169.43306869917126,911.2131323587718,40.86908698869978,1.08617013785654,0.5
1011,Cc1ccc(CCc2ccc(C)cc2)cc1,3.959,62.041,101.95919457776358,276.3080502278278,959.2998568249072,40.11281881864591,6.995986272447089,0.7222222222222222
1012,CC1=CC(=CC=C1)C=C,3.93,62.07,99.68923415588027,169.6871402783587,911.4200798758063,40.824606498277035,1.1136408417121535,0.5238095238095238
1013,CC1=CC=CC2=CC=CC=C12,3.805,62.195,103.93572740335283,244.13110738095241,1024.3937780005688,39.482943731230016,3.803198772686523,0.5
1014,CCC1=CC2=CC=CC=C2C=C1,3.774,62.226,103.40576623807426,255.91883487394972,990.7182567151018,39.68356803712942,4.239411280015987,0.5862068965517241
1015,CC(C)(C)C1=CC2=CC=CC=C2C=C1,3.727,62.273,100.21570195510644,266.41259637106384,991.8735794197754,39.6638293396625,7.783681048395722,1.0
1016,CC1=CC=CC=C1C=C,3.634,62.366,99.53952023704169,171.83941487497844,910.7653826887754,40.84566783407846,1.1832079145171124,0.47368421052631576
1017,CCC1=CC=CC2=CC=CC=C21,3.283,62.717,102.72795383298245,258.89992114379123,993.2343658707887,39.80861091390897,4.547509468462087,0.6296296296296297
1018,CC(C)C1=CC(=CC(=C1)C(C)C)C(C)C,3.092,62.908,105.20542139178126,241.40500437186515,861.5610698981993,41.50577224814598,5.5265593989469055,1.0
1019,CC(C)c1cc(cc(c1)C(C)C)C(C)C,3.092,62.908,105.20542139178126,241.40500437186515,861.5610698981993,41.50577224814598,5.5265593989469055,1.0
1020,CCC1=CC=C(C=C1)C2=CC=CC=C2,2.969,63.031,100.06770029732485,277.00926984127017,983.9350926023903,40.029200906455856,5.158144700620087,0.6842105263157895
1021,CC(C)C1=CC(=CC=C1)C(C)C,2.455,63.545,95.9723947432481,214.57063299265832,862.8623310190242,41.42535080356354,2.7002427680927554,0.625
1022,CC(C)(C)CC1=CC=CC=C1,2.307,63.693,97.95838962313049,196.43414649825542,859.5353498293885,41.19372405469517,1.874014031870423,0.47619047619047616
1023,Cc1ccccc1-c1ccccc1C,2.148,63.852,101.65979729217209,278.19902056776556,1001.6505586769908,39.91922299271703,6.207017031934947,0.6428571428571429
1024,CC1=CC=C(C=C1)C(C)(C)C,2.137,63.863,96.43296017593033,201.04840165061435,866.0317200872471,41.17701597475642,2.2109364687506896,0.5333333333333333
1025,Cc1ccc(-c2ccc(C)cc2)cc1,2.07,63.93,99.8699097164021,272.1570123408716,998.6177593448621,40.08643274754439,5.361354832939709,0.7272727272727273
1026,CC1=CC2=C(C=C1)C=C(C=C2)C,2.065,63.935,102.4111321776903,257.89963253073677,1008.7478129086057,39.9901547963151,4.024130653963385,0.7647058823529411
1027,CC1=CC=C(C=C1)C2=CC=CC=C2,2.042,63.958,102.67837660847032,270.79123920634936,1007.1062635411571,39.93127555451606,4.314931118677723,0.625
1028,CC(C)(C)c1ccccc1,1.946,64.054,100.1320833121394,187.39191584965948,865.1837429745714,41.13281840421441,1.7520218244766623,0.4782608695652174
1029,CC1=CC(=CC=C1)C2=CC=CC=C2,1.925,64.075,102.83171125489217,270.88461015873025,1006.617258466636,39.93111508200747,4.354877577180116,0.5789473684210527
1030,CC1=CC=CC=C1C2=CC=CC=C2,1.898,64.102,102.09954771453702,270.47558412698424,1009.075085534652,39.97199222406687,5.032813462065179,0.5
1031,CC1=CC2=CC=CC=C2C(=C1)C,1.824,64.176,102.46296664132136,262.58577090569554,1006.0472528188604,40.00196266548001,4.40837681265012,0.48
1032,CC1=C(C2=CC=CC=C2C=C1)C,1.812,64.188,100.14197640306485,264.3799442390289,1007.1954006053382,40.06215540492527,4.521338792850036,0.45
1033,Cc1cccc(-c2cccc(C)c2)c1,1.807,64.193,99.74508318290759,275.2830519169719,998.4989267205035,40.03754351779475,5.459186618763948,0.6875
1034,CC1=CC=C(C2=CC=CC=C12)C,1.696,64.304,100.61098315845254,266.48617312791765,1009.740299373348,40.33687316533617,4.48769567047287,0.5333333333333333
1035,CC1=C2C=CC=C(C2=CC=C1)C,1.67,64.33,100.61098315845254,265.7917123342669,1009.3085254488956,40.311881856057816,4.428991773917417,0.5625
1036,CC1=CC2=CC=CC=C2C=C1C,1.669,64.331,100.29793978577294,264.38909725490174,1006.1840141264258,39.987976464264996,4.322788368815242,0.55
